id,phone_sequence
fadg0_si1279,p r er sil k s aa r er n l sil t er n sil t ih f s
fadg0_si1909,hh f eh ae eh sil sh ih eh uw ih sil g ih n l uw ih s t r l s sil dh sil n iy f ih sh er
fadg0_si649,ih sil s eh f r er s f er m l ay ae sil ih v f sh iy n ih sil t s t iy ih v sil p er sil dh ah s eh n r er s sil eh sil t f er hh er r ow l ih sil k l iy er f sh eh sil p
fadg0_sx109,ch sh iy s l sil t ih n s sil p r iy ng iy hh er ay ae ih sil k ow l aa n s sil t iy sil s l ow sil p
fadg0_sx199,y iy eh n sil ch aa ow l sil v er n sh ih dx v b w dx d sil k s sil dh ah ow er sh er sil t ih sil ih n t ey sil jh ih s sil t ih z iy z s ih s
fadg0_sx289,w ih sil er sil p r f sil k l aa sh ih z er v b ih er iy y iy s f l ah n s iy ae n l
fadg0_sx379,p k ey ae n sil g iy ih n s sil r aa ay v iy n l ah s n s l aa n sil dh er s sil t eh ey s
faks0_si1573,hh k ih s sil k ae aw aa sil ah iy ow s sil dh iy ih n eh n hh ae ey ay sil er sil d ih n ih z s sil iy dx ih f l sil b ow uw sil s sil aa er w aa r er n ih n sh ch ae sil iy
faks0_si2203,dh v r iy s ey ae ih s f sil dh ih s sil aa ay ey sil s iy ng iy sil f l sh n ae aw l
faks0_si943,p r sil d ah aa sil k sh ih uw n ey f aa l f aa sil b l w l ow l w sil k s sil ih sil p ey sh n sil s
faks0_sx133,p iy sil s er r iy ih z s aa er sil k n iy ng iy ng iy ih n iy f er sil k w ih sil k l aa n sil sh ch
faks0_sx223,p ah sil dh ah sil b ah sil t ch er sil b l aa sil t ey iy sil b ow aa l ah n ih sil g er r aa ay sh ch
faks0_sx313,f sil r aa sil f aa ay sil s f aa r er n s n ng sil b aa sil k s sil b ah f aa r iy sil g r ow l w aa ay aw l
faks0_sx403,hh er w aa r sil r sil k iy s eh s ah v ow l iy s sil k er sil s n uw sil b l w ay aw sil s ah ih s
fcal1_si1403,eh w aa l w ey ih z th ih eh n ih d sil p hh ey sh ih n s ay ae sil k ih sil k l sil b l w l ay n ih s sil m ey ae f eh s ih sil s eh aw f
fcal1_si2033,w uw ih sil b ih sil k l aa s l sh ae ey n sil ih sil er r ow w ey eh s sil t aa r ih l ay sil dh ih eh s
fcal1_si773,w l ah dx ow aa l sil p r aa sil jh eh sil k sil t r ay s l ow l f er s eh v r l sil d eh ae ey s
fcal1_sx143,dh ih s ae n uw sil jh ih n f er z sil iy y uw sil b l s sil g iy ih er sil eh dx ae n ow l aa ow
fcal1_sx233,hh k aa ay ow w ey iy f r iy uw w l ey m iy n ih s eh ae ey n sil dh eh ae ng n
fcal1_sx323,dh ih f aa sil p er v eh sil d eh n p er m er r ay ae v ng n ay ah n sil t aa er n m n
fcal1_sx413,d ae t sil iy s sil w iy dx sh s sil n ey dx ah sil p w oy sil s sil k aa r f sil m ae sil ch sil jh er s sil k er sil t
fcal1_sx53,iy n ih s ih sil l v ah sil k ae sil b iy l ey eh er ey sil k ih n sil t ey n s eh n b l s
fcmh0_si1454,aa r ih sil jh l ow l ey iy sil b m ey n sil t aa ay sil sh iy uw ih z s sil t w er v b r eh er r iy ih s sil k aa ah m sil p ih z ih sh ih n z s ah f sil p aa l iy eh ae s sil jh er s
fcmh0_si2084,w l dx eh sil b ae dx eh sil t iy m r ih n d ey ae n
fcmh0_si824,s eh v ow f er m z eh m r sil ch sh ih n sil d ae ay z s ih ng iy ih n z s aa ay n sil r eh sil p er r ey sh ih n sil t iy f sil b iy n m ae eh n ey f ae sil sh er z s
fcmh0_sx104,hh iy s sil ow l eh sil d aa ay n v sil r m ah sil ey sil g er
fcmh0_sx194,b ey iy ih n jh ow ay ey eh w r n aa ay ae aw ay aa sil d uw ey sh ih n
fcmh0_sx284,jh ae f sil dh ah aa iy uw aa r sil g y uw sil d ih n f ey sil er r ae sil b ih s ih n jh ih f iy uw iy sil ch sil p er sil ch sh ih s
fcmh0_sx374,jh aa ay aa n sil t l iy n s ih sh eh aa l f ih ey sh ch f aa r ae l eh v ih ng n
fdac1_si1474,hh ay ae s sil k iy ae n ae n ih hh iy z s ae sil b l ih f sil n m aa sil ih s sil t ae ey iy s sil s
fdac1_si2104,k aw ae f ay ae aw ay ae hh sh hh iy f aa ay aa sil k ey sil l ay sh s sil ih ah sil v ow oy l eh s ey iy z sil iy sil ae dx aa l ay ae s
fdac1_si844,f aw ay ah s sil t ae sil dh m sil k aw ow l ah v f ih sh ih n ih z s ey iy ih z s z ih sil ch sh ey iy f sil ae sil k iy ey sil k s sil b ae n sil k s eh ah v ae sil ch sh t ah aa w l aa l sil ey sil s sil p eh er aa r iy ih n sil s
fdac1_sx124,aa ay aa sil jh ih sil s sil m ey dx eh sil p iy uw dx er r sil b iy uw dx ah f aa l
fdac1_sx214,dh ah m aa ay aa l iy m n sil d ih ow l aa n eh s sil p ay ae ey eh sil eh w l ae sil k l eh s eh n sil t sil p ih n dh ih s ay ae n s
fdac1_sx304,ch sh iy sil s sil t aa ay ae sil k iy ng n ih z s r m r ay ae n eh ah f r ey ih s sil t f aw ay ae n ih n dh eh m b aa n
fdac1_sx394,p k ae aw l s iy ih n m n ey sil s sil b aa ow n z s ih n sil t iy s sil k r aa ay aa n
fdms0_si1218,p k l ah sil s m w aa r l v f er sil t w l ow l ay iy hh iy n ih n sil p ae sh n s z
fdms0_si1502,hh ih l ih z n ae m sil z aa ae sil k l sil p hh ae n ey sil n hh ey sil k ey iy f w l ay sil t iy sil ih sil p ey ay sil k sil n aw aa sil jh ih s ih sil k ae er
fdms0_si1848,w iy sil k n d ae ay sil s sh iy m g iy sil k n b ay l ay sil k r n l sil p iy sil p l
fdms0_sx138,n ih sil k l ah n z ih sil hh eh s n er s sil iy l s ih n sil k s sil dh eh n z s ih f sil p er f iy n
fdms0_sx228,ih v hh iy sil p aa w ih n p ow v ih n dh ah sil f p iy eh n sh ih n
fdms0_sx318,p f l iy z sil t ih sil m ah sil ih sil t ey dx ih eh n z s eh sil b iy f w ow f r aa s sil s
fdms0_sx408,ay sil d r sil ih s ah sil b w l ay sil p eh ah hh ae v ah n d ih n ih f sil ch ey iy n sil jh iy
fdms0_sx48,g r ae n ah sil d er ae aa sil k r uw hh er r sil p r n iy n sil p hh eh n ih sil k hh ae ih sil s z
fdrw0_si1283,dh ih dx iy ng n ih n ih sh eh l sil dh ih sil dh ih v ey iy ow ay ae sil t ih uw iy dx iy ah f aa l ae aa sil ih sil k ey z v r ae sil p ah dh iy ae eh sil f aa ay r sil s sil t
fdrw0_si1423,b ae ah sil d ow l aa ay n hh iy sil k ae ay ae dx ah sil t s ih sil b l ay aa l
fdrw0_si653,sh ih ow l ey dx ih s ih z ih v r iy ae aw aa ay eh dx iy w iy aa l ih sil b n aw ay aa aw l ih sil s
fdrw0_sx113,hh ae ih m ah s sil k ih l ae hh ae aa sil d m ae n sil ih z sil g ih sil f r iy y ih sil b ae aw aa f sil k sil s th f s
fdrw0_sx203,dh ih sil k aa ay ah z l ey iy ae n ih sil ih sil v r aa sil p l ey iy sil ae sil dh ih sh jh ih l ow aa ay aa er
fdrw0_sx293,f iy s sil t ey sil dh ih z sil t eh ih dx iy sil t k ey ih sil ah sil k aa sil t ih dh ih sil k p iy ey n eh z s f eh n m ey iy
fdrw0_sx383,dh ih sil k aa sil ih sil k f r iy n eh ey sh ae m sil p uw n aa p aa r ay ae n l v r aa sil k
fedw0_si1084,eh sil ey iy ey ng m hh sil m ey sil b iy sil b ah f aa m ay ey sh eh n sil k aa v ey sh ae ey sil f l n p w iy ey sil ch sil ah sil b ey sh ey sil z s iy v aa f s
fedw0_si1653,hh ey iy s sil b aa l sil k s ow uw ah sil dh ih n t l iy
fedw0_si1714,hh k sh k iy ih er ih s p w aa r ah uw l aa sil k sil w ih n y n aa m l ey sh s sil g eh sil b iy ih eh n
fedw0_sx184,dh ey sil k ae sil s m iy ey iy y ae aa l sil aa l w ey z s sil hh er r iy sil s sil n ay sil iy y iy ih er z sil s
fedw0_sx274,k l ih eh f sil w s ih uw z sil aa sil d l ah sil sh ih er r ih s sil n ah s aa sil ch jh
fedw0_sx364,iy sil jh ae n sil s t ae ay ae m l ey iy sil ae ey n sil k aa m n l aa s sil k aa l aa l ay n s ay aa ay dx ey sil w ih sil b ih sil b f r ey sil ae aw ae n sil ah dx ey z s z iy sil d iy n s ih s sil t ih v m sil p aa sil t
fedw0_sx94,m n ae aw m sil s sil jh er ih s z l aa l v sil k aa m n sil k ih ey ae n iy ae eh ih s sil ch r iy sil s
fgjd0_si1179,k w sil sh eh ah dh iy z ih f sil f eh sil k s sil b iy
fgjd0_si549,iy s sil p r ow sil r er n z ih n sil t ih s ay z f dh ih sil k s eh sil er n s eh v sil b ay r ey sh ah sil k ay ae s f er z sil p iy s sil l aa l iy
fgjd0_si818,p ah aw ow m n s ey ih n sil k hh aa r sil k l ih sil ch sil t r ih n s sil m ih sil p aa r l ey iy sil ih n sil t ih n sil t ih r er f l ah sil eh k aa l sil t ih s aa n ih sil k s ih sil n l s
fgjd0_sx189,t ih s sil jh er r aa oy ey iy eh r iy f aa ay aw r l ey dx ih sil t ih m r ay hh aa sil d ey ih sil s z
fgjd0_sx279,p ae aw l f s ih z ih sil dh ih l ow l sil t iy sil n w er sil k w sil eh s ih sil p er v b ey sh ih n ih z n eh l sil w aa r er ih sil dh iy
fgjd0_sx369,p aa sil p ey sil p er dx eh ow v dh ah l ih v iy n er m w ih er l z s
fgjd0_sx99,n ih sil d iy v l s ah s ay eh sil iy w ih z s sil dh ey s sil t er n hh aa ay eh er aa r sil k iy s z
fjem0_si1264,t iy ae eh n sil th ih z s aa l t n ey ih sil dh ih th f s aa ah n sil er s sil p ah ow sil k ih n v f er s f uw sil z f
fjem0_si1894,r ae f aa dh eh r ih ae n hh ng n m aa f hh ih s ih sil k f iy ih z ih sil g eh aa ow l
fjem0_si634,hh iy er hh iy ih s sil k w ay eh sil f er s f w ey ih f ih v f l iy sil b ih v er r ey iy ih m sil b aa ay dx ih m hh eh dx eh n sil m n iy n eh ih f n m n s f l aa ay ey n ah n f s
fjem0_sx184,ih sil k ae sil s sil m iy ae aw l aa l oy ey ih s t er sil s m ay iy ih n s
fjem0_sx274,k l eh ah f w ih s uw sil p b ay dh l ah sil sh jh ih er iy ih s sil m n ah f aa ay n sh s
fjem0_sx364,iy sil s sh jh ah n sil t hh aa ay eh m l iy ey iy ih iy n sil k ah m l aa f s sil k ow oy n s ah aa ay dx ih sil r w ih z sil ih sil p r ey sil t ae aw ay n ae dx ih iy hh iy dx ng s ah s sil t ih m sil hh aa er
fjem0_sx94,n iy ah n ng f s sil t er z s uw l aa ah v sil k hh aa m ih n sil t hh ey ae sil iy eh ih s sil ch sh r iy sil s
fjmg0_si1181,p r aa sil er l ey iy z sil ih sil p r ey ih th s ih m sil b ah eh ah sil ih z eh n ae sil k s l ih sil ih s sil t er m eh sil ae n ih n l ay ae ay n m ae
fjmg0_si1811,p r ae eh n s eh l ay ey iy hh ih z sil w aa er sil b r ae eh n ih er s eh sil b r ae s sil dh ah sil s l iy
fjmg0_si551,g ih z s ih m ae sil dh ih er ae n eh n ae aa sil t ih s sil dh iy sil t ch hh ay aa l sil eh sil f aa l sil t
fjmg0_sx101,t k ih n ih er m n aa aw ay r sil m n z ch eh ow ah sil g ih ae n sil ih ae eh sil k er r ey sil dh eh er sil k ay ae s r ae m s f r aa sil k aa l hh aa l sil ae ey iy s
fjmg0_sx191,w ih s sil k r aa hh aa l f aa aw aa n iy ae sil s iy s eh ey sh s ih n z s ih w aa ay n sil s
fjmg0_sx281,k aa r iy ng sil t r iy ey sh s sil p l ae ay ey sil t hh ae sil g ih f sil b iy sil b aa l s f er sil aw ay aa ay er s
fjmg0_sx371,r ay n iy ae aw aa m ae n aa ay aa sil b iy sil v ih sil b ae eh s sil t hh ay hh aw n f er sil b ih s sil n ih s sil m er r sil jh er z s
fjsj0_si1484,dh eh r aa l z ow l aa w ay n ih s sil s iy sil er z eh ae f sil t er sil t sh r ey uw iy th s f
fjsj0_si2114,s sil t ey sil b iy sh z s eh ih sil n l ah sil m iy ae eh sil dh eh ow z sil t aa ay z s
fjsj0_si854,hh ih sil k er sil jh ih n sil t ih sil ae eh sil s sh z s ay ih sil eh sil ih n ih f t eh sil s
fjsj0_sx134,s ih v r ih sil jh ae ey n y er ey ih er n ay s sil m ah n sil s sil z ih z s sil eh sil ih n m ay ey ae n iy
fjsj0_sx224,p ay sil ih n z sh y er r ih sil jh er r ae eh sil s th
fjsj0_sx314,hh ih s sil p iy sil v ow w er m aa r sil jh eh n er r ae eh s z eh r ih sil b iy ng n eh ae ow n iy sil f aa w l f er
fjsj0_sx404,b aa sil b er sil p ey sil p r er n l w l iy z ih sil b ey sil p ah ay er sil p aa ay er
fkms0_si1490,p r hh ah sil s ah sil w ow z r aa ih sil t sil p hh ae sil s ih sil w ih s sil jh ow ah ae s sil t
fkms0_si2120,hh iy sil p hh aa ay ih z s sil t s sil b eh n ih ey ae eh dx ih sil d sil eh v f t ey ng l r ah eh sh ih sil ih z ah w ae sil ih n
fkms0_si860,dh iy uw z ih ng sil f ow uw ih sil d sil dh l iy v s ih v eh ae sil s z n s z ih z s z sil b ih l ah s ih z s z sil eh n l ay eh aw aa f s
fkms0_sx140,eh sil g er sil k l sil ch f r l sil p r aa sil k s aa r sil k ah n iy v ih uw l iy sil d s sil ch ih v b ih dx ih
fkms0_sx230,k l aa l iy w ey iy hh y iy ih er sil b ah r ay sh s sil aa l aa ay ah z s sil b aa l sil eh er ih s
fkms0_sx320,dh ih n ih er s ih n ih sil aa sil ih n m ey n ah sil b iy w ih f s ih n w aa k ih n d ih s sil z n sil s
fkms0_sx410,g r eh sil b ay z s f r sh ch sil m ih ow l sil k iy sil ch sil w iy sil b ih ey m l aa r n ih n m
fkms0_sx50,k ae eh s sil r aa f ih sil k sil eh k ah n aa m ih sil k ah sil p eh ae sil k s n ih sil l ah sil ah sil p l aa er
fmah0_si1289,ih ae f r m ay ey iy n w ih sil y iy z eh ah sil p sil ae ey aa er
fmah0_si1919,w eh er v r ih m ih uw v m ih s sh iy m ey z s iy n v ae n eh s z ih z s f er eh r n l iy n l oy ey z iy
fmah0_si659,hh iy z s f ey s sil k iy er z s f er ih z ah l aa ow er ah m n sil k y iy ae iy sil t s sil m ae n m z s r ae sil ih n ae s f ih z f eh ah n hh iy s sil k uw iy hh iy ih n ae ih
fmah0_sx119,dh ih n ih s sil k ah ow l ih s f iy sil k r ae sil t ih sil v ih f ih m ih sil p aa l sil jh y iy n iy
fmah0_sx209,m ay sil k l sil k aa l eh sil b ih sil b ae r er m aa l w ih f sil k r ay ae aa m n z
fmah0_sx299,s z ay ih m iy ng n k r m iy m ih z sil p aa sil p n dx er aa ay dx m er m hh aa aw l w l iy sil n
fmah0_sx389,p ow ey ih eh ah er n sil b iy sil k hh ae aa s ih n ng er r m ah sil k m sil k iy s f ae aa ay sil iy
fmml0_si1040,w n aa ay sil dh ih n uw ih z ih sil ih n sil d eh aa l sil z sil ih n eh n ih sil s sil r ih n l ih sil ey ng n jh ih s l aa sil k sh ch er iy
fmml0_si1670,p ae sil n eh sil b ih s sil n eh s eh ah v iy hh k iy eh er sil aa l s sil ey sil p k ae aw aa sil ih ey n iy l ay hh iy
fmml0_si2300,m ah m ah b ih l ih z sil ih s ay sil er s aw aa f ih sil k er iy ae aa s ih sil iy
fmml0_sx140,hh ay n er sil k aa l sil ch er ow l sil p aa n eh sil k s ae er r ay n l iy sil m ih v ah l ey iy sil d s sil jh ih sil iy sil ih
fmml0_sx230,dh l ah ay aa ow l iy uw l ey hh ih er sil p sil r aa ae sh s t aa ay ae z s aa l ay eh er s t
fmml0_sx320,ih n eh r eh s ih n ih sil eh ay n m ey n aw sil b iy r ih v ih n l aa sil k ng n sil ih s sil t ih n sil s
fmml0_sx410,k r ey sil p aa ay s f er sh ch sil n aw aa k sil k iy sil ch sil w sil p ae ey iy m aa ay n ae iy l sil l
fmml0_sx50,k p ae ah s sil t aa ae f ih sil eh sil p n aw ah n ih sil k eh sil p ae sil k s sil n ih sil g er r sil dh ah sil p l aa er
fnmr0_si1399,dh s ih s aa ay ey dx iy r ow l iy ey ih sil z s z ih s sil ae z ih sil eh ae n sil ih sil t iy sil ae ow v r n m sil b aa ow dh ih eh sil k aa l aa m aa r ey sh ih n ah m ae n
fnmr0_si2029,ae ey ng n ah ow sil t ah v sil k aa sil k ae ey n m eh n sil t ih hh ih z s f w aa oy ey s
fnmr0_si769,s ow ih s aa ay sil t ih sil d r ay w v k l eh v aa n sh er sil g er sil b l aa l
fnmr0_sx139,dh ih sil b ah aa n dh ow l ow w z s sil p l ah ae s ah m l ay s ih sil ch r uw r ey dx ih sil n eh dh ih sh er aa er
fnmr0_sx229,r iy dx uw l ah sil k iy m v f aa r m sil p l w ay m eh n sil sh t
fnmr0_sx319,ah sil b ih sil k g ae ow sil t sil k aa ay sil d ih l ey iy sil k ae m aa l sil f r dh ih f aa ay m iy eh aa ay er sil m n
fnmr0_sx409,ih iy sil p iy ng s sil b ih m ey sil sh sil n ay dh l iy ey ng sil k r iy s ih s sil t r iy f sil r er r sil s ih l ah s l ey iy
fnmr0_sx49,th ih sil t f aa ay l ay sil k r n ah n t f l aa f sil k sil dh eh ey iy w ah l hh ae sil sh ah sil b l ey iy
frew0_si1030,p r iy n iy sil ih f aa er sil k r er sil er s sil s
frew0_si1280,dh ih s sh r l sil t er s sh ah aw aa n w sil p er v r ay r aw l z eh sil s l ih sil f aa l aa sil p sil t eh sil k sh ih sil n
frew0_si1910,hh iy l ih sil d ih n m sil r iy sil f ih dh ih n ay n ng l sil k n sil p n ih iy
frew0_sx110,dh sil b eh s f ih v l er n ih z sil z ih z s aa l v dh ih sil k sil f er sil p r aa sil w l sil s
frew0_sx200,w r aw f sil k n sil r l sil b ah sil dh aa sil w aa sil f n dh sil b l ih sil ch sh er sil s
frew0_sx290,dh ih s sil er ow sh er z sil ah sil t ih sil t er l iy ih n sil p w aa r m sil d ih f er sil r er s sil eh sil dh iy sil b aa ay er
frew0_sx380,w ay r sil t er r sil m eh iy f er z ih sil k aa r sil b ih
fsem0_si1198,hh y ih z ah p aa ay ih n s sil b aa ay aw aa er m n
fsem0_si1828,ae ay sh s l ey v ey z s eh ih dx n hh iy sil d ih sil s l ih iy sil p eh ih sil s ih sh r aa er ow l iy ae n f ih n f p v w l n sil n y f t er sil b aa ae
fsem0_si568,p ae aw er r aa ay ih z ih sil k ae ih z ah s sil s aa l er n ih sil k r ah sh s sil p ah n w aa ay n w aa ay aa sil l eh sil v ah er
fsem0_sx118,k m b aa ay n aa n ih ey iy n r er dx ih n ae eh n sil s er n er l aa sil t sil b aa l
fsem0_sx208,r aa sil s eh sil b ay aa dh sil p aa n eh n v s sil ih eh sil s sil z ih s sil r ey sil k iy s
fsem0_sx298,r sil v eh dh er n aa sil b aa ay v iy sh s sh uw iy ih z s ih n dx iy ah v er sil ch aa er sil s
fsem0_sx388,k er r aa ay ih hh ae n sil ae ey sil s f w n eh v er sil dh ih sil p r er m eh sil t sil p r eh sil sh er sil ch t ae ey n jh ih z s
majc0_si1946,dh l r ah s l n m sil p r aa sil b l ah m w z sil b ay n ow m iy ng n s aa l f sil t
majc0_si2095,m ay sil d ae eh sil d ey ih dx ih sil dh n ng hh iy dh ih v sil t uw sil g er ey dx eh ey sil jh sh
majc0_si835,s ey eh l z sil m n sil sh ih sil ih z s sil ih l n eh s ih s eh er iy sil dx ih sil s sil d ih f er n sil b r ay ae n sil ih s eh ey eh ow z m ih sil sh ih
majc0_sx115,dh iy eh m l ah m uw sil d ih sil p ih sil s iy sil k r aa sil p l ah s z sil k aa l sil g l ah l hh
majc0_sx205,ih l ah sil t eh er ey sil p er s n ae aw l aa er sil k sil b eh sil t ih sil t uw ow sil b ey sil g eh v m n er aa r sil er sh s
majc0_sx295,ih f sil k ae er r l sil k aa s sil t m aa r aw ow sil hh ae v er r ey n sh f t er m iy dx ih ng n ih sil t ih uw n
majc0_sx385,hh ih sh l sil dh er f eh l sil p sil k eh z ih f ih w er sil b er sil k ih er
mbdg0_si1463,w ih sil k ae eh n aw w er v er m ae sil k s m ay s ih sil s ih sil t sil ae eh sil ih sil b ah ay iy ng m
mbdg0_si2093,hh iy dh eh n aa f er sil ih z eh ow n ae s sil t ih m ih dx ah dh ah w eh dh er sil w sil ch l ih s sil k ay ah n ih n dh ih n uw z iy ae s sil ih
mbdg0_si833,k sil l ae eh s sil p er sh n m l s eh l s sil m ih n sh ih iy eh
mbdg0_sx113,ah m aa s sil k dx aa r ae sil d ih m ih n ih s sil g ih sil f iy er sil b ae sil k
mbdg0_sx203,dh ih sil k aa z w iy ih n ih dx sil b r sil p l iy ih sil dh ih sh er aa r er
mbdg0_sx293,p l iy s sil t s ey sil k f ih s sil t er r iy sil t ey ih sil b l sil k l aa hh sil dh ah dh ih sil k f l iy n y er sh f er sil m iy ey iy
mbdg0_sx383,dh ih sil k aa r sil p ih sil k f iy n er sh eh ae m sil p uw sil aa sil aa r iy eh n aa r aa
mbns0_si1220,dh ey iy aa l s ow w ah n m ah n iy sil p r s sil iy sh jh ih n z s ih sil k y er sil z ih iy
mbns0_si1850,dh ah sil g ih sil n m aa r ow sil t iy y uw m aa sil b w oy ey
mbns0_si590,p r er sil jh ih s sil t ah ow l z ah n f eh er r ey z s z er ah dh ah m ow s sil k aa aw m n m ae th dh ih sil z ah v r er v er sil k r aa s ih n s
mbns0_sx140,ay sil er sil k l sil ch f r sil p r aa n ah sil s aa r ah n iy v n l iy sil ih s sil uw sil b ih sil t ih
mbns0_sx230,p ow l ay aw l iy w l ey hh iy ih er sil b ah sil r ae sh m ow l ay z aa l eh er s
mbns0_sx320,dh ih n ih er s ih n ih sil g aa sil m iy n aa sil b iy w sil ih n m w aa sil k ng n sil d ih s sil t n sil s
mbns0_sx410,k r eh sil b aa ay ih z s f r eh sh ch n ow sil k iy sil ch sil w iy sil p d ey m aa r ih ng n
mbns0_sx50,k ae dx eh s sil r aa f ey sil k iy sil k ih n aa aw m ih sil k eh sil b ae eh sil k sil n ih sil k l ah sil dh ah sil p l w aa er
mbwm0_si1304,ih uw w ih s ih sil k s sil b ow uw s sil t uw ah hh aa ah sil b l ay ah s z sil b iy sil g eh s sil ch sh eh ih
mbwm0_si1934,w ey dx l ow w ay aa l
mbwm0_si674,dh ih s ih s n ih s sil p eh sil p t ey dx er sil t p eh sil p ih sil s sil p er ey ih n sil s sil s dh eh v r iy w aa n ih s sil b iy ih sil p sil t ih s sil p n
mbwm0_sx134,t ih s ih m sil er n jh ae ey n ih w er n ay s sil m ah n s sil s sil p eh ih n ih n m ay ae m iy
mbwm0_sx224,hh ae ah sil b ih dx uw sh er n d er n sil s
mbwm0_sx314,f sil p iy sil p b l w m aa r sil ch eh n er sh s er sil b iy n ih n ey iy sil f er w ow l f er
mbwm0_sx404,b aa er sil b er n sil p ey iy sil p er v ah l iy sil s ih n ah sil b ih iy sil b aa n f p aa er
mcsh0_si1549,y iy aa sh ih dx v l ah sil n m iy sil d uw l sil t n
mcsh0_si2179,m ay ae m ah dh er n eh v er w aa sil s sil m iy k t
mcsh0_si919,aa v iy ih s sh l iy uw dh ih sil b r ay ey dh b l sil p ey eh er hh ae eh z m n iy eh sil jh eh ah eh sh sil m ah sil ch sil t m ey sil t ih dh er n uw s ih sil t uw w oy ey sh ih n
mcsh0_sx109,hh sh iy sh l sil ih n s sil b r iy n hh er r ey sil k ow aa l aa ow m n m s sh sil iy sil s sh f w l sil p
mcsh0_sx199,y iy eh ah n uw sil sh ih ow v er r n sh ih dx v m v aa oy ey dx sil ch s sil b ow uw sh jh er sil t uw sil k ih n sil t ey iy sil jh ih s ih z iy z ih s
mcsh0_sx289,w ah dh er sil p r uw f sil g l w l ay aa sh ih uw ih z er v er r ey y uw sh s f ow w l ih n s iy ae dx l p
mcsh0_sx379,p ey ae eh m sil iy ey z sh sil g r ay v iy n w ay eh s z n z ah ow ah n f er z sil d iy sh s t
mdlf0_si1583,f er w ah n s sh r ae dx eh sil k w ih z ah m w z er r sil k r m n ey sh er n
mdlf0_si2213,s ah m b ah dx iy w v n ow v l ay ey s ih uw ih z s
mdlf0_si953,ih s sil t aa r ih n z v hh ae eh sil t uw r iy uw z ih n z s f er sil p er s ih s sil t iy n s ow aa n ih m n eh er n v r eh s sil t ih sil g ih ey sh ih n m sil s
mdlf0_sx143,dh ih s ae aw ah n ah v sil jh ih n er f r er z sil b y uw w uw l s sil g ih eh er sil dh iy eh ae sil t ow w ow l
mdlf0_sx233,hh sil hh ay aw w ey ae n f r iy uw w ey m iy n ih s ey n s eh er ng
mdlf0_sx323,b ah f aa sil p er v r eh n sil eh m f ah aw aa r ay v iy n aa r n t aa aw aa ay er m
mdlf0_sx413,d ae f iy sh s sil w iy dx iy sh n iy dx ah sil k aa oy n s sil k aa r f m ae sil ch sil t er sh s sil k er
mdlf0_sx53,iy v ih n ih s ah sil b l n v l sil k ae eh ey iy l er r iy sil k ih n sil t ey iy n s ah m w l s
mdls0_si1628,ih s ih m ay hh ae eh l ay sil jh er hh iy ih n f w ah n hh ih v dx ih dx ah dh z s l aa r sil k w l ey iy
mdls0_si2258,y uw eh n ae hh aa r ey iy w r dx y ih ah l
mdls0_si998,g eh sil dh ey t r ay f t l aa ae
mdls0_sx188,hh w l aa f er r aa ay eh s iy ah l dx eh dx ey sil k s sil eh n s sil k ae aw aa
mdls0_sx278,t uw f ow l ey ih z sil f eh s sil t iy sil sh iy sil k ey iy sh l iy r iy sil s f l w aa l s sil t iy sil jh aa r m l
mdls0_sx368,w l aa oy ey s sil k aa s sil t ih n iy dx ih sil l ay sil l ah ow s sil t sil b iy sil k ah sil l iy n l iy ae eh l sil ih ah sil t
mdls0_sx98,k eh s th ih sil k l eh sh sil ch sh ih n f ah n iy ae s er
mdvc0_si2174,aa hh sil sh aa dx eh aa sil p sil er sil hh iy s eh sil d
mdvc0_si2196,hh ah sil p r f r ae sh n eh sil b r aa m iy ih z s sil k ih sil d ih ey ae n sil k ae m z n m aa ay n w ah s n sil t sil b iy s sil n ey iy s sil t eh ae sil p t
mdvc0_si936,aa l aa ay n iy ey ng n k aa l dh sil t iy s sil m ey sil t ey sil k iy y iy ih er aa r m aa r er
mdvc0_sx126,aa r dx er f ih sh l w ih n sil t l ah sil jh ih n s ih z s f er r iy ih l
mdvc0_sx216,dh s sil n m aa l sil b ow aa w ay sil p ah sil t ah w aa r m aa l n ah hh ow ah sil k
mdvc0_sx306,k ae sil ch t ow z s ah n f sh iy y uw w l sil b iy sil k aw aa m sil jh ch sh ae n er aa l s
mdvc0_sx396,dh ih f ey sh sil iy sil g ae n sil t l iy sil f r ae n ae sil k l iy aa n ah s er f ih s ah v dh ih s sil m aa l oy ey sil k iy
mers0_si1019,eh m n sil iy uw sil t ih dh ih sil k er sil t r er r iy sil w er f er sil t uw ih z sil p k ow sil r er n sil s z t
mers0_si1649,ih sil s f r m ae aw aa ah dx iy sil y iy ih n aw aa l
mers0_si497,dh ih s sil p l w ay ey dh ih z l ay aw ah sil s sil dh ah sil p sil dh s sil d l aa l ay ey sil dh ih sil ch iy ow l d er ih n sil hh ae eh n er sil d eh sil k r sil ih v ae sil k s ih
mers0_sx119,dh m ih s sil k ow sil w ih z jh r sil t r ae sil t ih sil d sil w ah f ah m sil p aa l aa ah sil jh iy
mers0_sx209,m ay sil k l sil k l er sil dh sil b eh sil d r er m w aa l sil w th sil k er r ae aw aa m n sil s z
mers0_sx299,sh ey v sil k r ey m ih z ih sil p aa sil b l aa er r hh aa ay dx ah m aa n hh aw l aa w iy n
mers0_sx389,m ey ae aw ah n sil b ey sil iy hh aw aa s sil iy ih m r ih m ow sil k p sil t r iy s ay sil d
mgjf0_si1901,t sil ah w r m v r iy s sil p l ey ih sil k r s sil t ih sil m uw v iy n ih l ay sil k w ey sil s z
mgjf0_si641,k l eh v r l ay sil s aa m s sil f er k ow v l ih sil k ow oy aa ey sil f t r ae eh jh sil s aa n s sil p ah l v l sil t uw m l ah sil t er m ae ih sil k d
mgjf0_si776,n ay aa sil t r ay y aa r n sil t uw sil t ae ay ey sil t
mgjf0_sx101,f sil k ih n er dx er r n sil ch sh ow sil jh n sil d eh sil k er r ey sil d er sil k l ae sh er m n ch f r aa l hh aa l dx eh ey s t s
mgjf0_sx191,w ih s sil t r aa l f ah ow ah n iy ae sil hh k uw z ey sh n z ih v w aa n s
mgjf0_sx281,k aa r iy ey n sil ch r eh er sh ch sil p l ey sil t ae eh sil w sil p iy sil ch sil b aa s f er ae aw r er s t
mgjf0_sx371,f sil r ay n ae aw m n aa ae sil b iy dh ih sil b eh s sil t ay ae m f er sil b ih z ih s sil m er sil d er s
mglb0_si1534,ih z ih sil b sil k eh ow z ah m ay s l v ah m l eh n eh s sil dh ih sil dh hh eh er sil g r er ow z ah m l f ey s
mglb0_si2164,t ih sil k eh v ih s ah l th eh ae
mglb0_si904,hh iy sil p hh ih dx ih hh ey ih sil d ih m g r ae sil d ih z r eh r ah sil k t k r ae sil k s sil k ih m sil d ih sil v iy y uw ow sil g eh n sil b l ow l
mglb0_sx184,b ih sil k ae sil s sil m iy ae aw aa l aa l w ih s er sil s sil ay ey iy ih er s
mglb0_sx274,k l ih f w ih s uw sil ah dh ih ow l ah sil jh er r ih s sil ah s ah aw ay aa er sh
mglb0_sx364,y iy sil ch sh ih n sil t s ay ae m l iy ih n sil k ah m l aa l s sil k ow l ah n s ay ah dx ih sil w ah sil ah sil b r ih sil d aa ah n ah m iy hh iy y iy ng s ih sil m sil p aa er sil t
mglb0_sx94,y ah m s sil s ih z l ow f sil k aa m ah sil k ae n d iy ih s sil t r iy sil s
mgwt0_si1539,f s f ih s sil s sil p hh l n m ow l sil hh ih m ae z iy s sil p ae sil g er sil f w aa r er sil t
mgwt0_si2169,s sil b ah sil s sil t ey eh er z s jh sil ih s ih f iy sil ch sh ch aw aa r n m aa ay sil er r iy sil d r ae aa ah sil s sil p hh ae dx er sil er r aw n sil d er r uw ah m n
mgwt0_si909,s sil k ah m sil p ow l s er r iy r iy sil t ae ay ae eh m sil d ih eh sil s ih sil k s sil k iy f aa ay v dh uw l uw ah m n s aa n ay aa hh aa r ay s ah n
mgwt0_sx189,t ih s sil t r oy l ey dx ey eh v r iy f ay ae aw r ey dh ey dx ih sil t m ay ey sil aa ay aa dx eh sil s
mgwt0_sx279,ae aw l ah s ih z s ah sil b ih l ih sil k iy sil t w er sil w sil t ae aw aa sil s ih sil p er v dh ih ey sh jh ih n sil f sil y ih z n ow l sil w r ih b iy hh iy
mgwt0_sx369,b aa ay aa sil p hh ey sil p er dx ih ow sil f ih dh l ih v m er r m y er r aa l sil s
mgwt0_sx99,m iy v ah s z s ay ae dx iy w z sil b ey iy s sil t aa n hh ay eh er dx r ae ay er sil k iy s
mjar0_si1988,hh aa ah z ih s sil t r sil k y uw l ow f aa l aa l er f ey eh er
mjar0_si2247,w iy sil k ih s ah n uw l iy er sh ih eh
mjar0_si728,p ow sil s iy ae sil p l z s n ih s er r ah sil f er sil t aa l v m eh n eh sil s sil t r ey iy ey n aw ah m hh ih n sil k w l ow l
mjar0_sx188,w aa f er r ay ih z iy n m ow m dh ih sil d eh ey sil k sil b ah n s ih sil k aa aw aa m
mjar0_sx278,t ih f er dh er ey ih s sil p ih s sil iy sh ch hh iy ih sil k ey iy sh n m l ey r iy sil s ah w aa l s sil k r iy sil jh er n aw ow l
mjar0_sx368,b aa r ey s sil k ay ae s sil t eh m n iy n d ey sil b l ae sil k l ow sil t sil b iy sil k ah m sil p f iy l iy l ih sil g ih n ih
mjar0_sx98,g eh s ih sil k w r sh ih n f ah m n iy ae eh n s er
mjfc0_si1033,n ih f sil d aa er r sil k ey m ng dh ih ey w v l uw z s t er
mjfc0_si1663,hh iy f aa ah sil hh iy s t ow aa ah sil p eh l f ey sh s ae eh dx ah w ih n ow l
mjfc0_si2293,dh ow uw ah z r er r er sil p r eh sh l iy dh ah w l ah n z eh dx aa l dh er sil g r er m n ah sil s l aa ae f sil dh eh b l aa aw dx ih s sil t
mjfc0_sx133,p iy sil s er r iy ih z er sil k n v iy ng iy ih f er sil k r er sil k l ow ah sil sh jh
mjfc0_sx223,p ah sil ah sil b w sil ch f er sil b l aa sil t ey sil b l ih n ih sil g er r aa ah sil sh jh
mjfc0_sx313,t r aa sil f ay eh f aa w aa er n er sh n ah sil b aa sil t sil p ah f aa r iy sil g er aa w aa ow
mjfc0_sx403,er w aa er sil g r er sil k n s ih s ah v w ow n l ey sh sil k er sil s ih m b l ow s z ih z s
mjsw0_si1010,dh ih s ow l sil k aa l v eh sil ch sh l m l ay v r iy ih s d aa hh aa ay r sil ih ae eh n ow s sil er m eh v sil iy ey sil k s aa ay ey s sil s iy sil iy
mjsw0_si1640,hh k aa ah sil d ih sil w l n sil jh aa l iy n m eh ih m
mjsw0_si2270,d aa sil s sil d ih sil s ah n sil d ih ng sil ah w l ah n z sil iy sil g iy ow l
mjsw0_sx110,dh sil b eh s sil f w ey dx l er n ih s sil ih s aa l v f sil ae sil k sil k er sil p r aa sil b l ow m s
mjsw0_sx200,r aa f sil k ih sil f r ow l ah s sil t aa sil w ay sil ch f ah n ah sil b l iy sil ch t er s
mjsw0_sx290,dh ih s sil p r sh er s sil ih sil t ih sil k l iy ih n f aa m ih sil t ih v f er sil p er s sil p eh sil t ih v sil b aa ay er
mjsw0_sx380,w ay sil ch eh er eh sil jh m ah dx ey f er s eh sil g ae ay sil m ih sil ch sh jh sil t sil d
mmdb1_si1625,hh g m ih iy sil s sil b iy ah n sil k ow sil p er m sil b l
mmdb1_si2255,hh iy s l m n er ah aa sil n ae ay s sil p w er sil dh eh sil m r uw ah m sil s ah m v f ih f k iy f iy dx uw w ey iy
mmdb1_si995,ae eh sil d ih f er n sil t ah aw ay n s z s iy s er sil d ih z sil k l iy sil k l ah l ah sil k w eh l iy dx er sil n eh n ih z s aa r sil k n ih s sil t
mmdb1_sx185,iy sil jh ih sil b ah ay ey ae ih n iy sil k aa r dx er r ey dx aa ow v r er r l s z
mmdb1_sx275,s sil iy v w aa er r ow r sil b r ey r eh sil k ih eh sh r er sh sil w l ah dx er hh er
mmdb1_sx365,dh iy sil k ah n m n ih sil k eh sil t ih z s f ih sil t n sil k aa er dx ae eh sil ah n sil p l ih sil f er th t r iy aa aw l aa er s z t
mmdb1_sx95,iy sil g l aa ah n ih z ih n ae l sil v iy dx er sh r eh sil k r ae aa sil b iy f k l r ah sil t ah ay eh l s
mmdm2_si1452,p ow l sil t er iy sil r iy z s l sil s v iy r iy sil iy sh n sil t eh s ah sil p sil p ow l sil t r iy hh ih b ih n sil k w oy ey sil s ih sil k s eh s f l
mmdm2_si1555,ah ih s sil iy sil iy v aa oy ey s ih eh n s er sil ih ng
mmdm2_si2082,y er sil b aa oy ow l ih ng m eh l sil k ih iy sil iy y uw er
mmdm2_sx102,s sil b sh l sil t ae s sil f p aa r s z r s sil k uw hh aa ah s sil jh uw z s f n sil k ih sil n ah sil p er s
mmdm2_sx192,s sil r aa hh ae sil s er r ow f ae sh ih n ih s sh y er
mmdm2_sx282,dh ih sil t uw z f er r iy f er sil g r sil t sil k ow ah m n w r ay sil er z sil t uw f ah l aa ow
mmdm2_sx372,dh eh sil aa ay eh sil r eh ng m ey sil k s eh n s l aa l iy ae k er m sil s sil s eh dx iy
mmjr0_si1648,ow z ih f er ow l iy m aa r n m ow sil t eh l aa l sil w ih f sil k w oy ay eh sil ih dx ah v p l ae sil t sil k ah sil dh ah s sil p l iy ih n f r aa n sil t z
mmjr0_si2166,m l sil k sil s r iy dx aa r sil s aa ah m f l w aa ow ah z s f s
mmjr0_si2278,g hh iy ih sil t ey sil sh ih n f aa ay ae sil k t aw n iy s z sil t uw sil b ae eh r er m sil s z
mmjr0_sx118,p ah sil v aa ay n m aa l dh iy ih m er r iy hh ih m n s sil ih ng ae l aa r sil t sil b l
mmjr0_sx208,r aa sil s t ae sil p f ay dh ah sil p aa n t sil ih n s sil k eh sil sh s sil dh ih s sh sil t f r ey sil y iy s
mmjr0_sx298,ay sil r ae dh n aa sil p aa ay dx iy sh y iy uw iy z s t sil eh n v iy ow v er sil ch r aa r er sil sh sil t
mmjr0_sx388,hh er hh er r ey hh ae n ae ey sil t k s t sil w n ae v ah sil b sil b ae er m eh sil t p er sil k sil p er sh er sil ch t ih sil jh sh ih z s
mmwh0_si1089,p r hh ae sil s f dh ih n z sil r iy v ih n ng w aa r er sh s sil dh eh ae n
mmwh0_si1301,t iy n s sil k ih n f aa r m n ih m sil p aa r sil n sil p r er ih sil jh ch sil p ih sil t sil w iy n ih sil p r er z dh ih sil dh eh n f ae sil t iy
mmwh0_si459,hh iy f er dh er sil p er sil p r ow uw v z s sil k r ae sil k s ah v ah n ah n s sil dh eh s z ah f l ay sil s aw aa l m sil f er sil s sil er m ah sil p l hh aa s sil p ah l s
mmwh0_sx189,k ih sh sil t r er r ey eh v r iy f l aa aw r l ey ih sil t m ay sil aa dx ah sil s
mmwh0_sx279,ae aw l s ih z sil b ih l sil t iy sil t w sil w er sil w dh eh l s ih sil p er sil ih sh n ih z sil n ow sil w ih dh ih iy
mmwh0_sx369,b aa sil p ey sil p er sil eh ow f uw b l ih v ih ng n er m ng n y er r l s
mmwh0_sx99,n ih sil d iy v l s ay ey iy w ih z sil b ey s sil t aa n hh aa ay aa er aa r sil k iy s
mpdf0_si1542,dh ih f iy sil g w aa r aa m iy ey sh uw z s z sil ih n aa v y iy ih s sil t ih s r iy sil p er eh er
mpdf0_si2172,s sil k t r ih sil f sil b iy sil g ae sil ih z ih sil p ah sil b n sil d eh aw ah hh ih s sil sh eh s sil s t
mpdf0_si912,y uw m ey ae m ey sh jh er s eh ow f eh n sil k w aa er eh er r iy ow m ae sil k f aa er
mpdf0_sx102,s sil b eh sh ah sil t ae s sil k f aa er z s ih z s sil r eh s sil k y iy hh aa s sil ih sil jh ih z s f ah m sil k ih sil n ae sil p er s
mpdf0_sx192,s sil t r aa ay aa hh ae sil s er r aa dx ah f ae sh uw m n ih s sh iy ih er
mpdf0_sx282,dh ih sil t uw iy f er ey ih f er dx r ae sil t ih sil k ah w ah n r aa sil jh z s sil t uw f r eh l aa aw aa
mpdf0_sx372,dh eh sil d ae ay eh sil g r ae m ey ih sil k s eh n s ow m ey ae eh sil t er m ah sil ch sh s sil dh eh dx iy
mrcs0_si1223,dh er r ey sil k ow ah sil jh k r ae n l ay sil k r ae b ih sil s
mrcs0_si1853,dh eh ah s sil ih v p ae eh n s ih sil k er sil d n v ih sil ih n z sil ch sh ey iy n z ih n ih sil p ih er ih n s z sil hh ih n uw w n z er r ay sil t
mrcs0_si593,dh ih sil k ae l n t hh ae f s dh ih dx iy ih z sil dh aa ay ey ng n ah n ih s f iy sil k
mrcs0_sx143,dh ih s ae aw ah n d ih sil jh ih n sil f er z sil b y uw sil b l s sil k iy ih er sil dh iy ae hh p l ow sil k
mrcs0_sx233,hh ay w l ey iy ae eh n f r iy uw w l ey ih sil m iy ng n s ey n f dh eh ey ih ng n ng
mrcs0_sx323,dh ah f l aa ah sil p r er v eh n ih sil dh eh m f m aa r ay v ih ng n aa n sil t hh ay aa ay ih m
mrcs0_sx413,dh ae f sil n iy z s w iy dx iy z sh sil n d iy l sil p aa l sil s sil k aa er f m ae sil s sil t er s sil k er sil t
mrcs0_sx53,iy v ih n ah s ih sil p l v b l sil k ae sil dx l er r iy sil k n sil t ey iy n s ih m b l z s
mreb0_si1375,w aa f eh n sil aa m n ih sil s sil r eh s ih sil p w iy ey ih n sil k ey sil t ih s eh dx er r ey ng sil ah ow v ih sil t eh n sil sh ih n ng aa r m ow sh ih n
mreb0_si2005,hh iy eh sil l ae f sil t er iy ih n v b ay ae l ah sil dh ih sil k iy ng f m eh ey iy ae er r dx iy w ih sil t eh sil t ow v hh er ih n aa m
mreb0_si745,p r ey eh l sil aa r sil t eh ow ih s t ih z jh y uw iy t r aa ow l
mreb0_sx115,dh iy ae m l ah m n sil d ih sil p ey sil k s f iy ih sil k r aa sil w ow s sil aa l sil l aa ow l
mreb0_sx205,m n ow ah sil t er r ey sil p r er s n eh aw aa r er sil k sil p er sil ih sil t r aa ow sil b ey sil g er v m n r aa r er s
mreb0_sx295,ih sil k er r aa sil k ah m n s sil m aa r aw l sil hh ae v er r ey n f r er m ey iy ng ey sil t ih er uw
mreb0_sx385,hh ih sh ow l er f eh l sil eh z ih f w aa sil b r er ow sil k ih n
mrjm4_si1489,k ah b l m aa s sil k uw w l n sil t ah s ae ay ng m
mrjm4_si2119,iy n s sil t ih ng sil t sil d ih s ah sil p ah m ae z sil ih n m aa l s sil t s
mrjm4_si859,hh ey m n aa ay m sil ih sil t sh er sil b sil t er sil p ay ae ih n y uw z iy w ow sil p ey eh r aw aa f m ah w er sil k er m sil t ih ow l oy er r ih sil t aw aa er sh s
mrjm4_sx139,p ah sil b ah m ow l ow w s sil p ah ow z n m iy s ih sil ch sh r uw ey uw ih sil m y er dh ih sh er r er
mrjm4_sx229,r iy v ah sil hh iy ng n v k aa er m sil p aa m ah
mrjm4_sx319,ih sil b iy sil g ih ow sil k ay eh k l iy ae m l sil t r uw sil dh ah f r aa m er
mrjm4_sx409,iy y iy n s sil ih n uw ih sh sil m ay n iy ng n k r iy sh s z ih s sil t r er sil m er r ay ae sil k ih er ah s w iy
mrjm4_sx49,hh ae sil t f aa aw ay dx ah n sil d f aa l sil dh eh ey w ah v ay ae ah v sh er sil b l iy ng
mrjr0_si1182,dh dx ah s sil t ih f r eh n sil ch sh iy ey sil d ih f sh y uw ow sil iy z ay sil d iy eh ih z s z
mrjr0_si1812,ih sil ch s er r eh d iy ih s n ow sil t s ay ae m n f aa r sil k r er m n ey sh ah n s
mrjr0_si2313,w eh l sil sh ih n y er sil d sil m ih n s hh iy y iy sil w ow l m l iy w aa ay n sil hh ih n m ih z sil t r hh eh n er iy sil d ih sil n iy y iy v ih n sil t iy uw ih dh ae sil l w aw l
mrjr0_sx102,s sil b ah sh l sil t eh ae s sil f aa r s ih z r s sil k iy uw hh aa s ih sil jh ih z s f r m sil k ih sil n ae sil r er s
mrjr0_sx192,s sil t r aa ay aa hh ae sil s aa r sil aw aa dx ah f ae sh ih n ih s iy er
mrjr0_sx282,dh ih sil jh uw sil f ey eh er ey f sil d ay aa sil t ih sil k aa l m w l n r ay aa sil jh er z sil t uw iy sil f eh l aa aw aa sil p
mrjr0_sx372,dh eh sil d ah ae ay sil g r ae m ey sil k s eh n s z sil l m l ae f sil t er m l aa sil ch s sil t ah dx iy
mroa0_si1307,dh ih z s ih z n ow m ih z sil p aa ah f s sil m ey sh m aa sil ih n sil k t sil p iy
mroa0_si1970,dh ih sil k uw ih l n y ih sil d ih n f ah ow sil w ah ih n m r iy n sil t sil d ih sil d aa n ih z n sil m ow w n ow s sil w r er r ay l sil m
mroa0_si677,p sil m sil p er w sil k r ih uw n z sil t b iy n ow sil uw sil dh l s sil w er k
mroa0_sx137,k f er sil d ih sh n m sil k aa er z sil p r ah m ow aa sil p r uw w l f p r ah n r er iy sil t sil r er ih sil sh
mroa0_sx227,dh ih sil s ih l s uw er sil d sil k p sil k sil w sil th eh sil sh uw sil er
mroa0_sx317,dh sil k r eh m sil b er sil b ow sil uw sil s sil r er sil p k r sil d iy n m aa l ah v m
mroa0_sx407,p l ay eh ah f s sil b ih eh ey ae eh sil s sil ih n s ey ng ih f aa sil ch sh n s sil m aa l z s sil p aa r n iy uw m
mroa0_sx47,m aa m sil s sil k r aa m w sil d ih s l ay sil s sil eh sil p sil t ow v jh sil s
mrtk0_si1093,w dx eh ow m ah s eh n aa er r sil b iy hh ey v ih er aa er r sil d iy s ay s ih iy f
mrtk0_si1723,hh ih n uw r ay sil iy ih sil d r er eh f sil t ih sil ih ae ih n f er n ow w aa w aa er
mrtk0_si1750,k ih iy ih m ae s t er eh m n s eh l f r ih dh ih m ae eh n ah m dh ih s aa ay sil dh ih v sil p r ay m r ih n ih s sil t er f ey iy er
mrtk0_sx103,k aa ah n eh sil r ih ow m s f er m eh dx ih sil k ow aa ow s ih s sil t ah n s
mrtk0_sx193,w aa ay sil r ay aa r ow w n iy aa ow aa oy ih z jh uw ih z m aa ah ay ih n
mrtk0_sx283,p l ay eh n sil p er n hh ow dx aa er r er m ih z s z ey sh n s sil p r m ow m sil er s sil k ih n sil f r aa l
mrtk0_sx373,m v aa r ng m n aa v aa ow eh ih z ih s sil p er n s iy sil p ng p eh ow l p
mrws1_si1130,sh ih dh ih sil k s eh l r ey ng g r er eh v ih v t er sil m n ae aa l ah sil jh y iy dh eh n m ng w aa r n ah s t
mrws1_si1496,k ae v sil t er ih dh eh ae sil b ay l er ow s f ah z er sil k s ow l sil t ah n k l w iy z iy
mrws1_si500,dh v er m aa r aa sil f iy ih s sil n ih m f ah m ey dx iy ae eh sil k s aa n ih n iy sil p r ay aa v er dx aa ay s t ih er r iy s t
mrws1_sx140,ae eh sil g er sil k l ow l sil t r er sil p r aa dx er sil s er r m iy v ih n m l ey sil d ih s sil t er sil b iy dx d uw sil d
mrws1_sx230,ah l ay aa aw ow l iy w ey hh iy ih er sil r er dx r ae sh f l aa ay z l aa l eh er sh s t
mrws1_sx320,dh ih n ih er s ih n ih sil g aa ay aa sil m ey m n aa sil iy w ih v th ih n m ng w aa sil k ng m n sil d ih s sil t sil s z
mrws1_sx410,g r ey sil b aa ay z f r eh sh sil m ow sil k iy sil t sil w iy sil t ey er m aa r er m
mrws1_sx50,k ae eh s sil k r aa f ih sil k iy sil k n aa ah m er sil k sil p ae sil k s sil n ih n sil b l ah sil p ah sil p ow aa er
mtaa0_si1285,f p iy ae eh m l iy r ae s sil n iy sil p aa l w uw w l sil b iy n eh s er iy
mtaa0_si1915,b ih w ih z s dh eh dh ih sil ch sh iy w sil hh ae f sil t iy ih n ae sil t er r iy n ah s iy ih ey sh n sil p eh ey sil f er sil g ih v n ah s
mtaa0_si596,aa n iy s dh iy f ih l ey sil k n m ow aa ay
mtaa0_sx115,dh er sil eh ae eh l ow m n sil d ah sil p eh sil k s f dh sil k aa sil p l s z w aa l sil g k l ow l
mtaa0_sx205,m dh ow ah sil t er ey sil p er s n aa r sil s sil b ah sil t ih sil t uw sil p ey sil k aa ow v r n ih sil l w ow r er s
mtaa0_sx295,ih f sil k er r sil k ah n s sil n m aa r l ow l sil hh ae v er r ey n ch f r er m iy dx iy n ih sil t s t uw l
mtaa0_sx385,dh ih sh uw l aa r er f ow l sil g eh ih z ih f er sil w er sil p r ow sil k ih n
mtdt0_si1994,s aa l f aa l iy z sil b iy uw ih er z sh w ah sil ih sil g ih m iy ih m sil b eh sil n m ey ae n y uw sil jh ih s sil b eh n l w aa dx ah m aa ah n iy
mtdt0_si2254,k l ay l iy hh iy sil d ih sil t er v m ah n dh ah f aa oy ow l aa hh aa er
mtdt0_si994,er sh s sil t ah dx iy uw v f t ih sil t r iy w l w ow z sil p r er s ih s sil t ah w iy sil p er s uw ih sil ih d
mtdt0_sx184,b ih sil k ae eh sil s sil m iy ae aw l aa oy ay ih s t k er sil ch s sil m ay iy y er s z
mtdt0_sx274,k l f w ow z s uw sil b ah l ah v sh jh ih er r iy ih s m ah s aa ay sil sh jh
mtdt0_sx364,y iy sil ch jh ah n sil t ay eh m l ey iy ih n sil k l m l aa s sil k ow oy ow z s ay dx ih sil w ih f ah sil b er r er sil dh eh ow ah v ih iy hh y iy ng s ih s sil ah m sil p hh aa er
mtdt0_sx94,y ah m s sil t er z v l ow v sil k hh aa aw l ih n sil k ey ae eh sil iy uw ih s sil t r iy sil s
mteb0_si1133,ih sil k eh n sil p er sil jh ih ae sil k l aa r ey n jh sil k ow l ow l s f aa er s ae aw l f s
mteb0_si2064,hh iy uw l ih z sil g ih f sil ih sil w ih f ae n m aa m n m ae ng ih sil t ih z ah m sil hh sil ae n sil p ow m n ah l er f er w ah m eh n eh n ey ih n iy ng r ay ey iy s
mteb0_si503,dh sil ih eh er r iy aa s sil t jh ih er iy ih er r ey s iy
mteb0_sx143,dh ih s ae aw aa n sil ih sil jh eh n f er z sil n d iy uw dh l s sil k ih er sil b iy ae l ah ow sil p
mteb0_sx233,hh aa aw l w ey iy ih n f iy w l ey m iy n ih s ey ng n f ae ey iy ng
mteb0_sx323,dh ah f aa sil p er v eh n ih n sil ae n f m n er r ay dx ey ng n aa ay n sil t aa aw aa ay n
mteb0_sx413,g ae f n iy s sil w iy sil iy sh n iy l sil p aa oy iy ey s sil k aa r f m ae sil ch sh sil t er s sil er
mteb0_sx53,y iy v eh n ih s n sil p l w l sil k ae eh v r iy l er ih sil k ih n p ey n s m n b l s
mthc0_si1015,hh ey iy eh n sil p ae ay ey sh t er r aa r v dh hh ah dh er sil ch sh iy s aa r sh s ah z ah v l w ay sil s sil t aa sil k f iy sil d
mthc0_si1645,s ah sil ch sh sil hh aa sil t m ih z ah m v w ow z s k m sil p f l iy l iy ah n sil jh s sil t ah f aa ay sil t
mthc0_si2275,dh ih d l sil d ih sil d ow sil k f er iy f ih sh n d eh ih n sh ih sil k sh ey sil p
mthc0_sx115,dh iy ih m b l ah m sil d iy sil p eh sil k s z iy eh sil k r aa sil p l ow s aa l ah sil b uw l ow l
mthc0_sx205,m l sil t er ih sil p er s n ae aw l hh aa r sil k s sil b ah sil t ih sil t uw ow sil b ey sil g ow v er m ih n t aa er dx er s
mthc0_sx295,ih f k eh er ow l sil k m n s sh w aa r l sil hh ae f er r ey iy sh f er m iy dx iy ng ae sil t uw l
mthc0_sx385,hh p ih sh ow l d er f eh l sil t ow z ih f ih w er sil b r ow sil k ih n sil s
mwjg0_si1124,p l v m iy sil k ow sil t ih m iy sil n m w aa r f l w l iy sil f er hh ih z ih n ae aw l ah s ih z n m sil p w r sil ng sil t m l ih sil dh ih n iy m
mwjg0_si1754,hh iy s eh sil p ih sil k r ey z ih iy f w l sil hh ae sil p l ay aa ah m
mwjg0_si494,p ey sil s l ow l w iy ih sil dh iy s sil w n hh ae sil p aw aa r ah l ow ah ng sil g er
mwjg0_sx134,k iy s eh m v r n jh ae ey n y w er sil r n ay s sil m ah n s sil t ih s sil p eh n sil ih n m l ay ey ae eh n iy
mwjg0_sx224,hh aa sil k uw sil ih sil ih z sh y r er n sil d uw er n s
mwjg0_sx314,ih sil p iy sil p k w ow m w ih sil ch sh eh n er ih s sil dh ih ah w uw sil p iy n ow ih n iy sil f w l f eh er
mwjg0_sx404,b aa r sil p sil p er n sil p hh ey sil p er ih n l iy y iy s n dh ih sil p ih sil p ow aa ah n sil p aa ay er
fdhc0_si1559,d ih iy jh uw l iy dx iy z ih sil p r aa sil k s z m ey ih dx ih sil uw w ih dx iy w ih s sil f uw l iy ng w ih sil dh ih n s eh aw l f
fdhc0_si2189,y s ah aa dh ah m aa l w iy s sil ih sil g eh dh ih sil b ow ih z sh iy ih er ih s
fdhc0_si929,b ih sil s eh sil ch sil k ey s z ih z w er ih n sil p eh ae ay ae s ae ey n y uw jh uw l
fdhc0_sx119,dh ih m ih s sil k w ow w ih z r sil t r ae sil d sil w ih sil dh ih n ah sil p l ih sil jh iy
fdhc0_sx209,m ay sil g ow sil k l er sil ih sil b eh sil d er m n w aa l ah sil k r er ey ae aw ay ae n z s
fdhc0_sx299,sh ih iy m iy ng sil k r ey m ih z ah sil p l aa sil b ih l er aa ay eh m ay n hh aa l ow w iy ey n
fdhc0_sx389,n b ey ae eh ow n ih sil b ih iy hh ae aw aa s ih n dh r er m ow sil k eh n sil t iy s ah ay ey sil t
felc0_si1386,ih m w ey ih sil sh n sil g ow er sh t iy ey sh ih v n s dh iy ih sil d ih s sil r iy sil b aa er sil ih n z s sil ih z iy y n sil ih eh sil ih dh ih s ih n dh l n y ih n y ih n
felc0_si2016,hh iy v l aa ah n ow z s r ow sil s sil dh ah sil b ow sil s sil k hh ah m ah n s sil t eh aw ow sil k er
felc0_si756,m ih sil t er n l s sil s er r ah m ih sil m ow l w l ih n sil k p w l eh ey iy sil w r eh sil d w oy ey v w aa r sil p er f
felc0_sx126,k aa r dx ih f t ih sh l ah n sil t n l ah sil jh ih n s ih z s f er r iy l
felc0_sx216,dh s sil m aa l sil b l w ow sil p ah sil w aa er m ah n hh p hh ow sil k er
felc0_sx306,ah sil ch sh ow z n f hh y uw w l sil b iy sil k er n m n jh ih eh er n er aw l s
felc0_sx396,dh ih f t ih sh sil dh ih sil g ih eh sil d uw w iy sil p f p r eh n sil t ih sil k w l iy eh n l s er v n s ah n dh s sil m aa ow l w l ey sil k
fjlm0_si1043,n aa ah s ah sil p r ay ae z ih m l iy sil dh ih s ih sil p r er aw ow sil s sh s sil t iy ih sil n aa aw l w ay er sil k
fjlm0_si1673,w ah n sil p eh ey ng sil k hh iy sil p ay aa ay aa sil n ah sil l dx ey n eh ah ow z s ah sil b ae dx ey sil iy y iy ae eh
fjlm0_si2303,ih n ch sh ow aa er sil eh ih n sil t ih sil b aa er eh n k aa sil b er ow l f er r ey z s sil s l ay ae sh s sil t iy ih m sil er
fjlm0_sx143,dh ih s ae aw ah sil ih n sil jh ih dx ih th f er hh jh sil k y iy sil g l s sil k ih eh ih sil dh eh hh ae sil p l
fjlm0_sx233,hh ay aw w eh ey iy ih n f r iy w ey m iy n m ih s ae ay ng n sil p eh ae n iy ng
fjlm0_sx323,ih f aa sil p er v iy ih n ih sil dh iy ih eh m s f er m er r aw ay ae ih n l aa n sil t aw er m
fjlm0_sx413,p ae eh f sil ih iy s w iy sh s sil n iy dx ah sil p l w ih sil t s sil k aa er f sil m ae sil ch s sil t er s sil k er
fjlm0_sx53,iy sil ih n ih s ih sil l v l sil k ae sil b iy l eh ey iy sil k ih n sil t ae ey iy n s ih m b l s
fmgd0_si1564,hh ay z sil ih n r iy uw l w ih z sil b ae n eh sil b ay s sil n ey sil r ae l f ae n z ih z s eh ae n eh er w er sil g r ey iy s ih ng n sil k ae dx l
fmgd0_si2194,hh iy n eh sil f aa l aa l ay ae n sil t uw ih s l f sil jh aa sil p ae n m ae aa dx ih sil jh iy aa sil b ih sil k l aa n ih n hh iy v l ih s sil r ae n ih
fmgd0_si934,ae f v d aa r iy s eh ey sil dh eh dx ow l s sil eh er z s aa r ay sil f r ay ih sil t aa r sil iy ih
fmgd0_sx124,aa sil jh ih sil k s m ey dx ih sil k jh uw dx er hh aa sil y ih dx ah f l ng
fmgd0_sx214,dh ih n m aa ay n iy ng n sil iy uw l aa n s sil b ay ey eh er w ae sil l ih s eh n sil ey eh n ih s ah ay ih n
fmgd0_sx304,ch sh iy sil s sil ae aw ay ae sil k iy n f r aa n m f er s sil t ay ae n eh er w l aa er n
fmgd0_sx394,k ae aw aa s iy n ey sil t sil b ah ow ah n z n sil t iy sil s sil k r aa ah m
fmld0_si2185,sh iy s ih sil ch er aa r sil k t eh er sil n ow sil b aa ow n s ih n sil sh r ae sil s sil w ay ae er m sil b ae sil k r er
fmld0_si822,n ah sil p er sil eh sil k sh ih n m ey sil b iy ng sil k r iy s sil r ay dx iy ae eh sil p t ae ey sil f eh ay sil ih sil p r sil er r iy z s ih sil dh ih s sil t r er sil er
fmld0_si925,b ah m iy l z s ih sil k ah s ih sil d iy ih z w ay sil ih sil b aa r er s sil ih
fmld0_sx115,dh iy n w l ow n sil ih sil t ih sil k s dh iy er sil k r sil p l w ah s aa l w ah sil g l ow l
fmld0_sx205,dh l w sil t k er sil p r er s z n eh aw l aa er sil s sil b sil d ih sil t w l sil b ey sil k eh ah sil b er ih n aa r er sil t
fmld0_sx295,ih f sil k er eh er r sil k n s sil t m aa hh ae sil er r ey ng sil ch f er r m iy sil iy ng iy eh sil t uw
fmld0_sx385,p ih s sh ow l d er p ow l sil ih z ih f sil w er sil b r ow sil er n
fnlp0_si1308,ih n sil t ih iy dx iy ih z sil p aa s sil b ah sil t ih s eh sil p uw r ey ih sil iy dx n eh sil t aa ah n sil hh eh er m ng m n eh dx ey n f ah m n ih sil k l iy r er f eh sil s
fnlp0_si1938,dh l aa ay dx ih v ih n d eh ow z s sil k l ah eh sil ch sh jh ih uw ah sil p r ay ih sil dh t uw ih sil ih sil d eh ae ah m sil p l ow er
fnlp0_si678,s f aw ah v eh ay ey s ih n m r iy sil k ih n s ih sil jh eh er sil t
fnlp0_sx138,p sil dh ih sil k l ah n z iy sil k eh ih s ih m er s sil ih th s ah m iy s sil dh ih n s ih f sil p er v f sh t iy ey ih n
fnlp0_sx228,dh ih v jh iy sil p aa l ey iy sil b ow v er uw l ah sil dh iy eh s t ih n
fnlp0_sx318,hh sil p l ih iy s sil t ih n m ah sil dh ih sil t eh ey dx eh z ah sil b ow f oy r v f r aa s sil s
fnlp0_sx408,ah aa ay ah sil ah sil ih s ah sil p w ey sil eh dx ah ay hh eh ah m v eh ih n iy n eh v z sil s eh ey iy n sil s
fnlp0_sx48,k r eh ae eh m ah dh er ae aw aa ah sil k uw hh r ae aw sil b r ey iy ng iy ih m sil hh eh dx iy sil k hh ae ay eh ih sil t s
fpas0_si1272,p w l aa r er sil t er r eh s sil er v f ih z ih sil k s
fpas0_si2204,p r dx iy s ih uw ih aa ow m ih sil k iy v aa ow aa r ih sil k y er dx ih f ow l dh ow eh m sil b er r aa ow l ow ah z s ah w aa sil k ih n s ih sil k
fpas0_si944,ih v ih f aa er m z r eh sil t ih sil b er r eh m ah s sil iy sil k ae eh ae ay ey sil iy
fpas0_sx134,t ih s uw m r er m sil jh ae eh m iy r er r n ay s m aa n s ih z s sil p ah n ih m ay ey iy ih m iy
fpas0_sx224,hh p k ah sil g uw dx uw z jh er ih sil d er n s
fpas0_sx314,iy f sil p iy uw sil l aa er m aa r sil jh eh ah n er r s dh er sil b ih ng m n eh ow ah n iy sil f er w aa l f er
fpas0_sx404,b aa er sil b er n sil p ey ih sil p r er m l iy z s ih n sil b ih sil b l aa m v f aa ay aa er
fpkt0_si1538,ih sil k eh er r ih sil ch sil k r n sh sil b aa ay ey sil s sil t ih m aa ay sil s sil ow sil t iy n sil uw dh ih sil uw ow m n m
fpkt0_si2168,dh ey m ey sil eh s sil k n f aa r m s l ow sil g eh ih
fpkt0_si908,w iy ow w ih s th ah ow w uw m ih sil aa ay v ah th ah er sil b uw sil s ah aa n
fpkt0_sx188,k uw w aa sil d r ay z iy ih n l m ih dx ih dx ih sil k s sil eh ih s ih sil k ae aw
fpkt0_sx278,t f r n er hh ih z s sil p r er s sil t iy sil ch t iy ih sil k ey iy z uw ey m r iy z dh ah w aa l s sil t er iy sil jh er n l
fpkt0_sx368,n l aa r s sil k aa s sil t uw n iy dx sil b l ay ae sil g l w ow z s sil b iy sil k n sil p f l iy l iy l ah sil g eh
fpkt0_sx98,eh s sil k w n sh n f r ah n iy eh n sil s er n
mbpm0_si1577,p r aw dx n aa ay z aa ay sil b r ae aw l m ah s sil t ae sh jh
mbpm0_si1584,r eh sil t er r er z aa f ih n sil k er iy ih s sil b aa f ih n sil t eh ah sil t ih sil d eh ae eh s sil k w eh sh sil ch ih n t sil ih dx iy n eh v er sil d ih n
mbpm0_si947,hh f sh y uw r er r l er r er z sil p er sil t eh sil t ih sil b ah z ow ah l ih ng n
mbpm0_sx137,k t sil d ih sh n er sil k w aa er s sil p r ah l sil p r uw v l f r ay ah sil d er r ey sil t sil m eh er r er sil k sh jh
mbpm0_sx227,ih sil t l f er sil d ih sil k ah sil k ah f ae aa sil sh er v er
mbpm0_sx317,ih sil k r n sil b er r ey sil b aa sil ih sil t sil er r sil p er dx iy n aa dx ah m
mbpm0_sx407,w l ae f sil t eh n sil s z ah s ey ng ih f aa r er ch ih l s l ay aw l z ah sil p l aa n ih er v
mbpm0_sx47,m aa l n s sil t aa l sil d ih s l ay sil s ae sil b sil t ay z er s
mcmj0_si1094,dh m eh aw r sil k ih m n ih s sil k ih sil p er r iy v y iy r er sh z f r ay sil t ih sil k r aa ay z sil t ay ey z s sil n iy ow r ay eh s sil ih sil k iy
mcmj0_si464,b ih sil p r aa s sil p eh sil t er f sil k r ey ng sil b ae sil k s sil r ae n ih ng n sil n hh er z n er n sil t f ay z ih n r n f r n ey sil g er r v n er
mcmj0_si602,b ih sil dh ih sh ih sil s er v er r s aa ah n ae aw ow m er n w sil d eh r ah sil k eh ih s m ey er ay s eh r er z eh n ih m aa er
mcmj0_sx104,iy hh s sil th aa ah sil eh aa ay m sil f r m ah sil b eh er sil er
mcmj0_sx194,n ey ih n jh er r ey er sil w ah er n ay eh er r sil d er ih z sh ih n
mcmj0_sx284,jh ae f p er r dx y er r aa r dx ih uw dx uw sil f eh ey v er v er s ih n sil t er f jh hh y uw sil jh sil p er sil jh ih s
mcmj0_sx374,k jh r aa ih sil k r ey ng n s sil sh aa f eh sh f r er v r er v er n
mdab0_si1039,hh iy hh ih ow s z n eh v er hh n s eh l sil dh ah ey ih hh iy f ow l b w sil sh sil s sil b iy hh ey ih sil w sil t ih v ah s t ae ay ah s
mdab0_si1669,p ih ey k s ah eh dx ih d ih n sil d ow r ah d ih n ah f ay er s ow l f
mdab0_si2299,s sil t ae s iy sil k aa ah z s ay ae dx ow w ah f ay ae f aa oy eh z s sil b iy ey iy eh t hh aa l n
mdab0_sx139,dh ah sil b l ah sil l ow w s sil t f ow s w ey s ih sil ch w dx sil b ih dh ih sh aa er
mdab0_sx229,w oy iy uw ah k iy f aa ow sil p f aa oy ow w ah sil t
mdab0_sx319,b ey sil b iy ih sil g ow aa sil aa ay n l ey iy ey eh sil b l sil s uw ih f aa r iy aa r sil t
mdab0_sx409,iy dx iy uw s sil ih dx eh sil n ey ay dx l ey sil k r iy s ih s sil t sil th r ay ae sil sh l ow s w iy
mdab0_sx49,ae eh sil t k w aa l ay eh sil t ah n ah s f l aa sil dh ey aa l hh aw ah sh ah sil b l w ey iy t
mgrt0_si1450,m n m iy sil s sil dh er r er r ey iy ey sh n sil p r aa ah s eh s iy n hh ah v m iy sil t hh eh ah z jh r iy s iy sil d iy sil sh s sil d ih n s t iy dx ih n m n eh s sil t iy sil g iy ey iy sh ih n
mgrt0_si2080,hh sil hh iy l ih sil n ay sil k eh er r ey iy ih sil b r iy f sil k ey s f
mgrt0_si820,b hh eh dh eh ae n sil t sil k w ah m f iy ih ah z l eh er sil m eh sil ih eh n ih iy sil f aa er s l ih z s sil aa ay eh ih z sil jh eh ih n r aw l sil f ah z ih l ae sil t ih sil k l f aa r er s sil ih s
mgrt0_sx100,p ah ay ah sil jh ih eh sil t ih dh eh l ah m ah n sil p sil w l ah s sil p er s iy y iy n sil t uw s l ow l iy
mgrt0_sx190,s er v z ih sil k l s l aa ah hh ae f sh r ay ae eh p ae eh ae n sil dh iy ah l eh l
mgrt0_sx280,dh iy uw ow l ey s ih s sil l ow ah z ih m er r aa ah sh
mgrt0_sx370,dh ah n m ow l ih s sil p r ay aa l uw ah m n sil g r ow z sil m w aa er ah n ow aa l ey iy hh iy sil ch sil d ih ey hh iy
mjdh0_si1354,w th ih v m l aa r sil t er sh s ow sh s ih s sil ah m w aa r dh ih s sil r sil k t r ow n f aa n sil k m r l s ah sil s ih s sil ah m s
mjdh0_si1984,n w dx aa ay s sil ih ey w aa er
mjdh0_si724,ih sil s ih s sil r iy n aa ay n m r ay f l f ae s sil t w l m ey sil d
mjdh0_sx184,p sil k ae sil s sil iy ae aw l aa oy iy sil s t er sil t sil m ay iy y er s t
mjdh0_sx274,dh th ah f p w s uw v sil b ah v ah v l uw sil k ch jh er r s sil ih s aa er sh t
mjdh0_sx364,iy sil ch sh ah n sil t aa m l iy ng sil k ah m l aa s sil k ow ah sil s ay dx uw w ih sil t ah sil b r iy sil t ae aw ah n eh f ih hh k hh iy sil s ih s sil n sil p aa r
mjdh0_sx94,y n ah sil s sil t uw s sil l aa f sil k aa ih n sil k ae sil iy uw sh sil t r iy sil k s
mjln0_si1449,ch sh iy f ih sil t er s sil ih n r ey dx iy ih s sil eh er l ow z ey iy sh jh ih n r er ih z aa ay sil z ih n m l ah sil t eh er s er v r s ih uw ih s
mjln0_si2079,dh ey iy ih sil s l ae sil dh v ey er f aa ay aa ay ae s
mjln0_si819,dh ey ih eh er f aa r s ih z ah m n aa r l ey iy sil m uw sil ih n ih n l eh sil ch t ih s ih sil d iy sil ae n uw l ey eh s f n ih n m ae ay ng uw m ih f t ih z ah m
mjln0_sx189,d ih s sil t aa oy ey dx eh v r iy f aa aw aa r l ey dx ih sil t uw m ay aw aa ey ih sil s
mjln0_sx279,ae aw aa s ih dh ih sil ih l ih l iy sil t w aa er sil p w ih v ae aw aa sil s z sil p er v ih sh jh ih n uw sil hh ih z m n ow w r er z iy
mjln0_sx369,b aa sil p ey sil p er dx ow v ih sil ah v dh ih uw l iy m uw m uw m ih er r ow l s
mjln0_sx99,m ih sil iy v l s ih s aa ay dx iy w ih z sil ey s sil t aa ah n hh aa ay eh er r aa r sil k iy s
mjmp0_si1535,hh iy sil ch t ae v ow l eh s sil t ey z s sil p iy sh ey ih sil f t ey ih eh l
mjmp0_si1791,m n aw ow dh ah sil m ey ae n w ah z n aa ay n ng t er aw ah m sil t sil hh iy m l ay aa n sil d er sil hh ay ey iy g ae sil t ae ay ey dx d ae ah sil w ih s z ih s sil r ey iy n uw sh er
mjmp0_si905,hh ih z w er sil b iy hh ae ih n jh ih s ih sil t s sil ey z ae f sil t ih d ih f l ah ay ih sil n
mjmp0_sx185,k hh iy sil jh uw sil b ah ay ey n iy sil k aa er r ey eh ow v er r aa l f s
mjmp0_sx275,s sil t iy y iy v w aa r sil b r ay ey sil r ey sil k ae ay ey sh sil m ih er sh t w oy eh er
mjmp0_sx365,k ih sil d ae n m n m sil t k eh sil t ih z v ih sil t m n sil k aa r er dx eh sil k ae eh n sil p k aa l iy sil f ih z s t r iy eh ae aw aa er s f t
mjmp0_sx95,hh uw sil g hh l aa ay aa n ae eh z n ae aw l ay sil k ey ih er sh er sil t ae sil p ah sil k aa r sil t aw ay aw l s
mklt0_si1213,m aa aw ow n ih sil t sil b er ih sil s z s f aa l ow ah s ih sil p w ow l ay n z s z
mklt0_si1843,ch sh uw w uw iy y r eh dx iy f aa hh er sil g r eh dx ih v eh sil ch er z m sil er r aa v l w ah v er m ow w l sil p aa r n m n er
mklt0_si583,n sil d ih s sil w ih sil hh ih n s ih sil ah th f eh dx ih sil iy uw ih n sh s sil t ey ih n
mklt0_sx133,p iy sil t er r ih er z ih k ah m iy ng m iy f aa ow sil k w er sil g l ah ow ah sil s t
mklt0_sx223,p sil ah sil b ah sil ch sil b l aa sil t ey sil g w ah sil ih sil p er r aa sil ch jh
mklt0_sx313,r aa f aa ay ae f l ow aa l m z n ah sil b aa sil s sil l f sil aa r y iy sil g uw l ae aa
mklt0_sx403,k w aa r sil r er sil k n s ih s sil ah v ow m w iy s sil k er sil s m b l ay ow l z s ah n s
mlll0_si1363,s ah l iy s sil p sil ih l ey sh ih n s sil m ey eh s ah m eh er r eh sil aa dh er sh ih s ah v l dx v m sil ih sil y iy ow ih s
mlll0_si1993,p t sil sh ih sil sh iy uw r ey sil k ih v m
mlll0_si733,p f sil t uw ow v aa oy ih sil p ah n sil sh r ey n er sil k ey dx ih n sil t ih m iy sil s sil t eh s ah m
mlll0_sx103,k aa l eh ih sil iy uw n s f m b eh dx ih sil k ow s ih z sil t z sil s
mlll0_sx193,w l ay ae sil b ay ae sil aa oy ah eh l aa hh s sil w sil n iy aa l er sh uw z n m aa ay n
mlll0_sx283,th f sil p l ey ih n sil p r er hh n uw dx ah w aa r g ih z s ey sh ih n z s sil p m b ow ah sil p r er sil k n t r l
mlll0_sx373,aa sil b aa r ey n eh aa l v ow l ih z ih s ah sil p er sil s ey sil p k n p eh l
mlnt0_si1574,p l ay s sil w aa m er r aw m sil b aa ow l ah sil m eh n sil t ow l z k ih n w ih sil ch sh hh iy n m aa sil dh ih sil b aa l ay sil b r er ey eh sil t
mlnt0_si1902,dh ah sil p aa s n g l ow aa l sil ah s er sil er r ay ae sil t
mlnt0_si642,d eh er sil p r aa sil s sil p er sil t uw s sil eh sil r ay ae dx er s sil k ih sil ch sh ey ae eh er k hh ae n aa sil p hh aa m f sil p ae ay n m
mlnt0_sx102,s sil k eh s sh er sil t k ae s f p aa r s ih z sil r eh s sil k y uw hh aa sil t ih sil jh ih s f r m sil k ih sil n ae sil p er s
mlnt0_sx192,s sil t r aa r hh ae sil s er r er hh aa r f ae sh ih m d ih sh iy er
mlnt0_sx282,dh ih sil t uw sil f er eh er f er sil k ae sil t sil k hh aa n w n m r aa r sil er s sil t uw sil p eh l hh aw l sil t
mlnt0_sx372,dh eh sil b aa ay sil g r er aw r m ey sil k s ae n s sil aa ay ng w iy sil k ae sil f sil t er m ay sil ch s sil eh ae dx iy
mnjm0_si1580,hh ih iy aa oy ih s eh ey ae n sil f eh hh ae aw aa m n ey ae ih hh ih sil ih ae n hh eh s sil p aa sil ih
mnjm0_si2210,dh aa r ih sil t er n ae aw ae sil k er r ah s f sil l ah s f l aa w ay aa er r er
mnjm0_si950,ae s aa ah sil ch sh t sil dh eh l w ah z sil b iy aa sil p aa l ah sil t eh sil s ah n hh ae n ow ah m iy dx eh sil t ah s v ah sil k ey sh ih n sil b ay ey m ae s ih sil jh sh
mnjm0_sx140,ae ay dx er sil k aa l sil t ow l sil p r aa dx ay sil s aa r aa ah n ey uw v ow l ey uw sil dh ih s sil sh ih v ih
mnjm0_sx230,p l aa l uw w ay ey hh eh er sil b ah er r ay aa ae s n m aa ay ih s hh aa l hh ay eh er f sil t
mnjm0_sx320,dh ah n eh er ah s ah n ah sil k aa sil ih sil m ey n aa sil b uw w ah s eh ow w aa sil p ih ng n sil dh ih ah s sil dh ah n sil s
mnjm0_sx410,k r ey sil b aa ay sil s f r ah eh s sil m ow aa l sil k ih iy sil ch sil w iy sil dh eh ey ih m aa r ay ng
mnjm0_sx50,k ae dx ah s sil k r aa f ih sil k ah sil k n m aa m ih sil k aa sil p ae sil k s sil dh ih sil k l ay ae sil f ah sil p l aa r er
mpam0_si1189,ih iy sil f y uw sil g r ah n z er sil k ae aa sil t er d m sil p ih z ih sh ih n m n
mpam0_si1819,hh y r sil d ih z aa ay s l iy sil b l iy w ah f w m n hh y uw sil jh sil p aa ow aa hh
mpam0_si1961,w ah s ay sil ih sil t f k r ih sil ch sil t sh ih sh er sil s n l iy v sil hh n iy f ow sil dh ah sil b r iy p sil p er r m ah z s ah sil b r aa er m
mpam0_sx109,sh s l uw uh sil t n s sil b r ey ih n d er r ay ih n sil k w aa m z s sil dh iy sil ch s l aa ow sil p k
mpam0_sx199,y d ow ah m sil ch sh ih l er sil ch dx er v aa r ih sil d ih sil k sh ch sil p b ow er z jh er sil t sil k ih sil t ey sil jh z s sil t uw z uw z m z s
mpam0_sx289,w ah v dh sil p er f sil g l aa sh ih z er v er iy y uw s f l n ih n s t iy ae aa dx aa l
mpam0_sx379,p hh ae eh m sil ih v z sil t r aa v n ih n w m ah s n m z ow n sil er s sil dh ey uw ih s
mtas1_si1473,y iy dx ah ow dx iy d ih n eh ah f t sil hh ah n iy
mtas1_si2098,hh iy sil g iy v ey sh ow aa r g er hh aa r sil l ay ae f ih n l ah sil t ih n aa er n ow l ng l iy
mtas1_si838,hh ey ng sil k r iy s iy n sil t ih m sil b ow l w l v sil n iy uw sil p r aa dx ih sil d ih v dh ow l ow l sil m dh ah
mtas1_sx118,k ah m b aa ay ey n sil aa l dh iy ng n m sil g r iy y iy y iy ih n s z sil ih n l aa r sil p l
mtas1_sx208,r aa sil s ae sil b ah dh ah sil p aa ah ih sil ih n s sil k ih ae eh sil sh sil s ih s sil t r ey sil g iy s z
mtas1_sx298,ay sil r eh dh ih n ah sil b ay eh dx iy sh uw z s ih n sil b iy ow l v er sil ch r aa er sil sh sil t
mtas1_sx388,hh er r ay sil hh ey iy ae eh er v ih sil ey iy sil s sil w ah n eh v r ih dh ih sil r eh er v eh sil t er sil p r eh sh er sil ch sh ey n jh ih z s
mtls0_si1370,w ih m ey s f eh ey dx eh hh ih s sil p r aw v ah m w ah s sil b aa ay sil m n ow sil s sil t sil m b ih sil dh eh hh iy r er f y iy sil t r iy sil m ih
mtls0_si2000,w iy sil iy ng sil k iy ey ih sil ih f ih sil iy ey iy sil k iy hh iy s t ih sil p t ey sh ih sil dh ih iy
mtls0_si740,ih uw w ah th ae aw aa sil f eh sil s f iy sil t p ey sil b l sil aa l ah f s
mtls0_sx110,dh sil b ae eh s sil w ih sil t ah m aa er n sil ih s sil t ih s aa aw aa l sil v eh sil k sil p er sil p r aa l sil p n sil s
mtls0_sx200,r aw aa f sil k ih sil t r ow sil dh s sil aa aw sil p aa sil f er n ah sil p uw sil t er s
mtls0_sx290,dh ih s sil er v sh er ih s sil p k sil ih sil ih n f aa m sil t ih f r sil p er s sil p er sil t v sil b aa ay er
mtls0_sx380,w ay sil t aa r sil jh sh m r ah dx iy f er s eh ih sil ch jh sil er aa er sil ih sil sh jh
mwbt0_si1553,hh l oy ow v uw ow dh l ow l ih dx er r iy v m l ey iy sil d ah aa sil b ae eh sil t ih sil b ay s eh v ow l sil t ah ow z ah n l ah sil ch sh f er ah n z s ah sil p er ow z sh s z
mwbt0_si2183,b l sil s ah f ow sh t iy n ow sil k s f
mwbt0_si923,t ih m ih dx ey iy ih eh ih sil k s sil er sil s dh ih s sil ch t r ey ih n ng w ow z ih n eh v ah dx ah sil b l
mwbt0_sx113,ey n ah s sil k ih l ah dx ae eh sil d ah m l ah n iy n sil ih z sil k g uw ih sil f aa oy dx iy sil b ae sil k
mwbt0_sx203,dh ih sil k aa z w l ey iy ih n ih sil d ih ah sil b r ah sil p l ey iy hh sil ae ah sil dh sh uw ow l aa er
mwbt0_sx293,t sil dh iy z s sil t s ey sil dh ih z s sil t ih dx iy sil t ey sil b ow sil k aa ah f s sil t ih dh l ih sil k l iy n ih z s f ah m ey iy
mwbt0_sx383,dh sil k r ay aa sil p sil k w iy dx er z s z sil sh ey ae eh n sil p w uw dx ah ae aw r aa r iy ah n sil t l ow w r aa aw aa ow sil k
mwew0_si1361,w ah dx ih n ih s f w ah n s eh sil sh m w ow sil k ah m n dh ih aa dx ih dx er s
mwew0_si1991,w l ah ow ah f b iy sil b l ng w l w v r l ow m n ih s sil r iy sil t n sil k ah s sil dh ih m ng z ih n m ae eh s sil s sil ih n hh n ae eh v ih ng ah m aa l
mwew0_si731,ah f iy y uw ih s l ey dx er sil dh ih sil d ow ng sil f eh l ow w ah n
mwew0_sx101,t ih n ih sil g eh er n sh ch sh ih ow sil er ih n sil d eh sil g er r ey ih sil d ih er sil k w eh s sh er n sil s f r aa l aa l ow ah ih ey s
mwew0_sx191,w uw sil jh r aa l f ow n iy ae eh sil k iy z ih ey sh ih n z ih w ng w ah sil s
mwew0_sx281,k aa r iy ih sil ch f r ih sh sil p oy ih sil t eh sil w uw sil b iy sil ch sil b ow aa l s f er r ah aa aw ow aa r er s er
mwew0_sx371,r ey sil n eh aw ah m ih n aw eh sil b iy dx ih sil b eh ah s sil p ae eh f er sil b uw ih z n ih s sil m er sil jh uw s