id,sequence
fadg0_si1279,騿裚
fadg0_si1909,騿裚
fadg0_si649,騿裚
fadg0_sx109,騿裚
fadg0_sx199,騿裚
fadg0_sx289,騿裚
fadg0_sx379,騿裚
faks0_si1573,騿裚
faks0_si2203,騿裚
faks0_si943,騿裚
faks0_sx133,騿裚
faks0_sx223,騿裚
faks0_sx313,騿裚
faks0_sx403,騿裚
fcal1_si1403,騿裚
fcal1_si2033,騿裚
fcal1_si773,騿裚
fcal1_sx143,騿裚
fcal1_sx233,騿裚
fcal1_sx323,騿裚
fcal1_sx413,騿裚
fcal1_sx53,騿裚
fcmh0_si1454,騿裚
fcmh0_si2084,騿裚
fcmh0_si824,騿裚
fcmh0_sx104,騿裚
fcmh0_sx194,騿裚
fcmh0_sx284,騿裚
fcmh0_sx374,騿裚
fdac1_si1474,騿裚
fdac1_si2104,騿裚
fdac1_si844,騿裚
fdac1_sx124,騿裚
fdac1_sx214,騿裚
fdac1_sx304,騿裚
fdac1_sx394,騿裚
fdms0_si1218,騿裚
fdms0_si1502,騿裚
fdms0_si1848,騿裚
fdms0_sx138,騿裚
fdms0_sx228,騿裚
fdms0_sx318,騿裚
fdms0_sx408,騿裚
fdms0_sx48,騿裚
fdrw0_si1283,騿裚
fdrw0_si1423,騿裚
fdrw0_si653,騿裚
fdrw0_sx113,騿裚
fdrw0_sx203,騿裚
fdrw0_sx293,騿裚
fdrw0_sx383,騿裚
fedw0_si1084,騿裚
fedw0_si1653,騿裚
fedw0_si1714,騿裚
fedw0_sx184,騿裚
fedw0_sx274,騿裚
fedw0_sx364,騿裚
fedw0_sx94,騿裚
fgjd0_si1179,騿裚
fgjd0_si549,騿裚
fgjd0_si818,騿裚
fgjd0_sx189,騿裚
fgjd0_sx279,騿裚
fgjd0_sx369,騿裚
fgjd0_sx99,騿裚
fjem0_si1264,騿裚
fjem0_si1894,騿裚
fjem0_si634,騿裚
fjem0_sx184,騿裚
fjem0_sx274,騿裚
fjem0_sx364,騿裚
fjem0_sx94,騿裚
fjmg0_si1181,騿裚
fjmg0_si1811,騿裚
fjmg0_si551,騿裚
fjmg0_sx101,騿裚
fjmg0_sx191,騿裚
fjmg0_sx281,騿裚
fjmg0_sx371,騿裚
fjsj0_si1484,騿裚
fjsj0_si2114,騿裚
fjsj0_si854,騿裚
fjsj0_sx134,騿裚
fjsj0_sx224,騿裚
fjsj0_sx314,騿裚
fjsj0_sx404,騿裚
fkms0_si1490,騿裚
fkms0_si2120,騿裚
fkms0_si860,騿裚
fkms0_sx140,騿裚
fkms0_sx230,騿裚
fkms0_sx320,騿裚
fkms0_sx410,騿裚
fkms0_sx50,騿裚
fmah0_si1289,騿裚
fmah0_si1919,騿裚
fmah0_si659,騿裚
fmah0_sx119,騿裚
fmah0_sx209,騿裚
fmah0_sx299,騿裚
fmah0_sx389,騿裚
fmml0_si1040,騿裚
fmml0_si1670,騿裚
fmml0_si2300,騿裚
fmml0_sx140,騿裚
fmml0_sx230,騿裚
fmml0_sx320,騿裚
fmml0_sx410,騿裚
fmml0_sx50,騿裚
fnmr0_si1399,騿裚
fnmr0_si2029,騿裚
fnmr0_si769,騿裚
fnmr0_sx139,騿裚
fnmr0_sx229,騿裚
fnmr0_sx319,騿裚
fnmr0_sx409,騿裚
fnmr0_sx49,騿裚
frew0_si1030,騿裚
frew0_si1280,騿裚
frew0_si1910,騿裚
frew0_sx110,騿裚
frew0_sx200,騿裚
frew0_sx290,騿裚
frew0_sx380,騿裚
fsem0_si1198,騿裚
fsem0_si1828,騿裚
fsem0_si568,騿裚
fsem0_sx118,騿裚
fsem0_sx208,騿裚
fsem0_sx298,騿裚
fsem0_sx388,騿裚
majc0_si1946,騿裚
majc0_si2095,騿裚
majc0_si835,騿裚
majc0_sx115,騿裚
majc0_sx205,騿裚
majc0_sx295,騿裚
majc0_sx385,騿裚
mbdg0_si1463,騿裚
mbdg0_si2093,騿裚
mbdg0_si833,騿裚
mbdg0_sx113,騿裚
mbdg0_sx203,騿裚
mbdg0_sx293,騿裚
mbdg0_sx383,騿裚
mbns0_si1220,騿裚
mbns0_si1850,騿裚
mbns0_si590,騿裚
mbns0_sx140,騿裚
mbns0_sx230,騿裚
mbns0_sx320,騿裚
mbns0_sx410,騿裚
mbns0_sx50,騿裚
mbwm0_si1304,騿裚
mbwm0_si1934,騿裚
mbwm0_si674,騿裚
mbwm0_sx134,騿裚
mbwm0_sx224,騿裚
mbwm0_sx314,騿裚
mbwm0_sx404,騿裚
mcsh0_si1549,騿裚
mcsh0_si2179,騿裚
mcsh0_si919,騿裚
mcsh0_sx109,騿裚
mcsh0_sx199,騿裚
mcsh0_sx289,騿裚
mcsh0_sx379,騿裚
mdlf0_si1583,騿裚
mdlf0_si2213,騿裚
mdlf0_si953,騿裚
mdlf0_sx143,騿裚
mdlf0_sx233,騿裚
mdlf0_sx323,騿裚
mdlf0_sx413,騿裚
mdlf0_sx53,騿裚
mdls0_si1628,騿裚
mdls0_si2258,騿裚
mdls0_si998,騿裚
mdls0_sx188,騿裚
mdls0_sx278,騿裚
mdls0_sx368,騿裚
mdls0_sx98,騿裚
mdvc0_si2174,騿裚
mdvc0_si2196,騿裚
mdvc0_si936,騿裚
mdvc0_sx126,騿裚
mdvc0_sx216,騿裚
mdvc0_sx306,騿裚
mdvc0_sx396,騿裚
mers0_si1019,騿裚
mers0_si1649,騿裚
mers0_si497,騿裚
mers0_sx119,騿裚
mers0_sx209,騿裚
mers0_sx299,騿裚
mers0_sx389,騿裚
mgjf0_si1901,騿裚
mgjf0_si641,騿裚
mgjf0_si776,騿裚
mgjf0_sx101,騿裚
mgjf0_sx191,騿裚
mgjf0_sx281,騿裚
mgjf0_sx371,騿裚
mglb0_si1534,騿裚
mglb0_si2164,騿裚
mglb0_si904,騿裚
mglb0_sx184,騿裚
mglb0_sx274,騿裚
mglb0_sx364,騿裚
mglb0_sx94,騿裚
mgwt0_si1539,騿裚
mgwt0_si2169,騿裚
mgwt0_si909,騿裚
mgwt0_sx189,騿裚
mgwt0_sx279,騿裚
mgwt0_sx369,騿裚
mgwt0_sx99,騿裚
mjar0_si1988,騿裚
mjar0_si2247,騿裚
mjar0_si728,騿裚
mjar0_sx188,騿裚
mjar0_sx278,騿裚
mjar0_sx368,騿裚
mjar0_sx98,騿裚
mjfc0_si1033,騿裚
mjfc0_si1663,騿裚
mjfc0_si2293,騿裚
mjfc0_sx133,騿裚
mjfc0_sx223,騿裚
mjfc0_sx313,騿裚
mjfc0_sx403,騿裚
mjsw0_si1010,騿裚
mjsw0_si1640,騿裚
mjsw0_si2270,騿裚
mjsw0_sx110,騿裚
mjsw0_sx200,騿裚
mjsw0_sx290,騿裚
mjsw0_sx380,騿裚
mmdb1_si1625,騿裚
mmdb1_si2255,騿裚
mmdb1_si995,騿裚
mmdb1_sx185,騿裚
mmdb1_sx275,騿裚
mmdb1_sx365,騿裚
mmdb1_sx95,騿裚
mmdm2_si1452,騿裚
mmdm2_si1555,騿裚
mmdm2_si2082,騿裚
mmdm2_sx102,騿裚
mmdm2_sx192,騿裚
mmdm2_sx282,騿裚
mmdm2_sx372,騿裚
mmjr0_si1648,騿裚
mmjr0_si2166,騿裚
mmjr0_si2278,騿裚
mmjr0_sx118,騿裚
mmjr0_sx208,騿裚
mmjr0_sx298,騿裚
mmjr0_sx388,騿裚
mmwh0_si1089,騿裚
mmwh0_si1301,騿裚
mmwh0_si459,騿裚
mmwh0_sx189,騿裚
mmwh0_sx279,騿裚
mmwh0_sx369,騿裚
mmwh0_sx99,騿裚
mpdf0_si1542,騿裚
mpdf0_si2172,騿裚
mpdf0_si912,騿裚
mpdf0_sx102,騿裚
mpdf0_sx192,騿裚
mpdf0_sx282,騿裚
mpdf0_sx372,騿裚
mrcs0_si1223,騿裚
mrcs0_si1853,騿裚
mrcs0_si593,騿裚
mrcs0_sx143,騿裚
mrcs0_sx233,騿裚
mrcs0_sx323,騿裚
mrcs0_sx413,騿裚
mrcs0_sx53,騿裚
mreb0_si1375,騿裚
mreb0_si2005,騿裚
mreb0_si745,騿裚
mreb0_sx115,騿裚
mreb0_sx205,騿裚
mreb0_sx295,騿裚
mreb0_sx385,騿裚
mrjm4_si1489,騿裚
mrjm4_si2119,騿裚
mrjm4_si859,騿裚
mrjm4_sx139,騿裚
mrjm4_sx229,騿裚
mrjm4_sx319,騿裚
mrjm4_sx409,騿裚
mrjm4_sx49,騿裚
mrjr0_si1182,騿裚
mrjr0_si1812,騿裚
mrjr0_si2313,騿裚
mrjr0_sx102,騿裚
mrjr0_sx192,騿裚
mrjr0_sx282,騿裚
mrjr0_sx372,騿裚
mroa0_si1307,騿裚
mroa0_si1970,騿裚
mroa0_si677,騿裚
mroa0_sx137,騿裚
mroa0_sx227,騿裚
mroa0_sx317,騿裚
mroa0_sx407,騿裚
mroa0_sx47,騿裚
mrtk0_si1093,騿裚
mrtk0_si1723,騿裚
mrtk0_si1750,騿裚
mrtk0_sx103,騿裚
mrtk0_sx193,騿裚
mrtk0_sx283,騿裚
mrtk0_sx373,騿裚
mrws1_si1130,騿裚
mrws1_si1496,騿裚
mrws1_si500,騿裚
mrws1_sx140,騿裚
mrws1_sx230,騿裚
mrws1_sx320,騿裚
mrws1_sx410,騿裚
mrws1_sx50,騿裚
mtaa0_si1285,騿裚
mtaa0_si1915,騿裚
mtaa0_si596,騿裚
mtaa0_sx115,騿裚
mtaa0_sx205,騿裚
mtaa0_sx295,騿裚
mtaa0_sx385,騿裚
mtdt0_si1994,騿裚
mtdt0_si2254,騿裚
mtdt0_si994,騿裚
mtdt0_sx184,騿裚
mtdt0_sx274,騿裚
mtdt0_sx364,騿裚
mtdt0_sx94,騿裚
mteb0_si1133,騿裚
mteb0_si2064,騿裚
mteb0_si503,騿裚
mteb0_sx143,騿裚
mteb0_sx233,騿裚
mteb0_sx323,騿裚
mteb0_sx413,騿裚
mteb0_sx53,騿裚
mthc0_si1015,騿裚
mthc0_si1645,騿裚
mthc0_si2275,騿裚
mthc0_sx115,騿裚
mthc0_sx205,騿裚
mthc0_sx295,騿裚
mthc0_sx385,騿裚
mwjg0_si1124,騿裚
mwjg0_si1754,騿裚
mwjg0_si494,騿裚
mwjg0_sx134,騿裚
mwjg0_sx224,騿裚
mwjg0_sx314,騿裚
mwjg0_sx404,騿裚
fdhc0_si1559,騿裚
fdhc0_si2189,騿裚
fdhc0_si929,騿裚
fdhc0_sx119,騿裚
fdhc0_sx209,騿裚
fdhc0_sx299,騿裚
fdhc0_sx389,騿裚
felc0_si1386,騿裚
felc0_si2016,騿裚
felc0_si756,騿裚
felc0_sx126,騿裚
felc0_sx216,騿裚
felc0_sx306,騿裚
felc0_sx396,騿裚
fjlm0_si1043,騿裚
fjlm0_si1673,騿裚
fjlm0_si2303,騿裚
fjlm0_sx143,騿裚
fjlm0_sx233,騿裚
fjlm0_sx323,騿裚
fjlm0_sx413,騿裚
fjlm0_sx53,騿裚
fmgd0_si1564,騿裚
fmgd0_si2194,騿裚
fmgd0_si934,騿裚
fmgd0_sx124,騿裚
fmgd0_sx214,騿裚
fmgd0_sx304,騿裚
fmgd0_sx394,騿裚
fmld0_si2185,騿裚
fmld0_si822,騿裚
fmld0_si925,騿裚
fmld0_sx115,騿裚
fmld0_sx205,騿裚
fmld0_sx295,騿裚
fmld0_sx385,騿裚
fnlp0_si1308,騿裚
fnlp0_si1938,騿裚
fnlp0_si678,騿裚
fnlp0_sx138,騿裚
fnlp0_sx228,騿裚
fnlp0_sx318,騿裚
fnlp0_sx408,騿裚
fnlp0_sx48,騿裚
fpas0_si1272,騿裚
fpas0_si2204,騿裚
fpas0_si944,騿裚
fpas0_sx134,騿裚
fpas0_sx224,騿裚
fpas0_sx314,騿裚
fpas0_sx404,騿裚
fpkt0_si1538,騿裚
fpkt0_si2168,騿裚
fpkt0_si908,騿裚
fpkt0_sx188,騿裚
fpkt0_sx278,騿裚
fpkt0_sx368,騿裚
fpkt0_sx98,騿裚
mbpm0_si1577,騿裚
mbpm0_si1584,騿裚
mbpm0_si947,騿裚
mbpm0_sx137,騿裚
mbpm0_sx227,騿裚
mbpm0_sx317,騿裚
mbpm0_sx407,騿裚
mbpm0_sx47,騿裚
mcmj0_si1094,騿裚
mcmj0_si464,騿裚
mcmj0_si602,騿裚
mcmj0_sx104,騿裚
mcmj0_sx194,騿裚
mcmj0_sx284,騿裚
mcmj0_sx374,騿裚
mdab0_si1039,騿裚
mdab0_si1669,騿裚
mdab0_si2299,騿裚
mdab0_sx139,騿裚
mdab0_sx229,騿裚
mdab0_sx319,騿裚
mdab0_sx409,騿裚
mdab0_sx49,騿裚
mgrt0_si1450,騿裚
mgrt0_si2080,騿裚
mgrt0_si820,騿裚
mgrt0_sx100,騿裚
mgrt0_sx190,騿裚
mgrt0_sx280,騿裚
mgrt0_sx370,騿裚
mjdh0_si1354,騿裚
mjdh0_si1984,騿裚
mjdh0_si724,騿裚
mjdh0_sx184,騿裚
mjdh0_sx274,騿裚
mjdh0_sx364,騿裚
mjdh0_sx94,騿裚
mjln0_si1449,騿裚
mjln0_si2079,騿裚
mjln0_si819,騿裚
mjln0_sx189,騿裚
mjln0_sx279,騿裚
mjln0_sx369,騿裚
mjln0_sx99,騿裚
mjmp0_si1535,騿裚
mjmp0_si1791,騿裚
mjmp0_si905,騿裚
mjmp0_sx185,騿裚
mjmp0_sx275,騿裚
mjmp0_sx365,騿裚
mjmp0_sx95,騿裚
mklt0_si1213,騿裚
mklt0_si1843,騿裚
mklt0_si583,騿裚
mklt0_sx133,騿裚
mklt0_sx223,騿裚
mklt0_sx313,騿裚
mklt0_sx403,騿裚
mlll0_si1363,騿裚
mlll0_si1993,騿裚
mlll0_si733,騿裚
mlll0_sx103,騿裚
mlll0_sx193,騿裚
mlll0_sx283,騿裚
mlll0_sx373,騿裚
mlnt0_si1574,騿裚
mlnt0_si1902,騿裚
mlnt0_si642,騿裚
mlnt0_sx102,騿裚
mlnt0_sx192,騿裚
mlnt0_sx282,騿裚
mlnt0_sx372,騿裚
mnjm0_si1580,騿裚
mnjm0_si2210,騿裚
mnjm0_si950,騿裚
mnjm0_sx140,騿裚
mnjm0_sx230,騿裚
mnjm0_sx320,騿裚
mnjm0_sx410,騿裚
mnjm0_sx50,騿裚
mpam0_si1189,騿裚
mpam0_si1819,騿裚
mpam0_si1961,騿裚
mpam0_sx109,騿裚
mpam0_sx199,騿裚
mpam0_sx289,騿裚
mpam0_sx379,騿裚
mtas1_si1473,騿裚
mtas1_si2098,騿裚
mtas1_si838,騿裚
mtas1_sx118,騿裚
mtas1_sx208,騿裚
mtas1_sx298,騿裚
mtas1_sx388,騿裚
mtls0_si1370,騿裚
mtls0_si2000,騿裚
mtls0_si740,騿裚
mtls0_sx110,騿裚
mtls0_sx200,騿裚
mtls0_sx290,騿裚
mtls0_sx380,騿裚
mwbt0_si1553,騿裚
mwbt0_si2183,騿裚
mwbt0_si923,騿裚
mwbt0_sx113,騿裚
mwbt0_sx203,騿裚
mwbt0_sx293,騿裚
mwbt0_sx383,騿裚
mwew0_si1361,騿裚
mwew0_si1991,騿裚
mwew0_si731,騿裚
mwew0_sx101,騿裚
mwew0_sx191,騿裚
mwew0_sx281,騿裚
mwew0_sx371,騿裚
